User_ID,Likes,Shares,Comments,Clicks,Engagement_with_Ads,Time_Spent_on_Platform,Purchase_History,Engagement_Level,Purchase_Likelihood,brand,buy,coupon,deal,discount,exclusive,limited,new,offer,product,sale,shopping
001,0.006024096385542168,0.7688442211055276,0.44,0.26,0.7333333333333333,0.919463087248322,0,Low,0,0.5680707930701873,0.0,0.5700886313015605,0.0,0.0,0.0,0.0,0.0,0.5935440392433589,0.0,0.0,0.0
002,0.8413654618473895,0.4824120603015075,0.53,0.74,0.4666666666666667,0.697986577181208,0,High,1,0.0,0.5733867342978631,0.0,0.5633620637259156,0.0,0.0,0.0,0.0,0.5948536274460374,0.0,0.0,0.0
003,0.8473895582329316,0.3517587939698492,0.43,0.12,0.0,0.1879194630872483,1,Low,1,0.0,0.5067834059420827,0.0,0.0,0.49110347936148874,0.0,0.0,0.48943378306692337,0.0,0.5122914444079483,0.0,0.0
004,0.6987951807228915,0.2914572864321608,0.27,0.76,0.5,0.8859060402684564,0,High,1,0.0,0.0,0.0,0.0,0.5624830989672528,0.0,0.5825259253036409,0.0,0.0,0.5867506367489794,0.0,0.0
005,0.5481927710843373,0.1306532663316583,0.86,0.38,0.7,0.8859060402684564,1,Low,1,0.5142942828860029,0.0,0.5161211021466365,0.0,0.0,0.4951948552575272,0.0,0.0,0.0,0.0,0.4731833194821958,0.0
006,0.6967871485943774,0.7135678391959799,0.2,0.84,0.36666666666666664,0.03355704697986575,0,Low,1,0.0,0.0,0.5918367879463335,0.0,0.0,0.0,0.0,0.0,0.0,0.0,0.5425999726563429,0.5960826168466102
007,0.37148594377510036,0.4623115577889447,0.02,0.06,0.2,0.020134228187919462,0,Medium,0,0.0,0.0,0.0,0.5626970826751405,0.0,0.0,0.5747660555562226,0.0,0.5941514743979244,0.0,0.0,0.0
008,0.6084337349397589,0.42713567839195976,0.84,0.92,0.6333333333333333,0.6778523489932885,1,High,0,0.7045884279284795,0.7096161971300217,0.0,0.0,0.0,0.0,0.0,0.0,0.0,0.0,0.0,0.0
009,0.7570281124497992,0.18090452261306533,0.37,0.88,0.5333333333333333,0.2483221476510067,0,Medium,0,0.5804856468366177,0.0,0.0,0.0,0.0,0.0,0.0,0.5646132382576722,0.0,0.0,0.0,0.5867267720164632
010,0.7248995983935742,0.7839195979899497,0.98,0.8200000000000001,0.1,0.697986577181208,1,Low,1,0.8245752570434123,0.0,0.0,0.0,0.0,0.0,0.0,0.0,0.0,0.4197425859929557,0.3793307356064582,0.0
011,0.8534136546184738,0.09547738693467338,0.88,0.1,0.5,0.5436241610738255,1,Medium,0,0.5667462023186859,0.0,0.0,0.0,0.0,0.0,0.5728396070620223,0.0,0.5921600516231867,0.0,0.0,0.0
012,0.4578313253012048,0.20603015075376885,0.59,0.68,0.0,0.8926174496644295,0,Low,0,0.0,0.8206171441328928,0.0,0.0,0.0,0.0,0.41178165621995216,0.39626174475456016,0.0,0.0,0.0,0.0
013,0.6305220883534136,0.07537688442211056,0.7000000000000001,0.18,0.16666666666666666,0.1342281879194631,1,High,0,0.0,0.5160008998865631,0.0,0.0,0.0,0.49331789853060865,0.0,0.0,0.0,0.0,0.47138979395353114,0.5178534391717879
014,0.28112449799196787,0.9798994974874372,0.27,0.34,0.13333333333333333,0.060402684563758385,1,High,1,0.0,0.577341669064506,0.5752873298124109,0.0,0.0,0.0,0.5794144331297905,0.0,0.0,0.0,0.0,0.0
015,0.7590361445783131,0.7788944723618091,0.61,0.64,0.4,0.5838926174496644,1,Medium,1,0.0,0.0,0.0,0.0,0.0,0.5644734935882365,0.0,0.5702150775128257,0.0,0.5968454074660652,0.0,0.0
016,0.789156626506024,0.41708542713567837,0.27,0.92,0.0,0.08724832214765102,1,High,1,0.0,0.0,0.5732032519694313,0.0,0.0,0.0,0.5773154041412984,0.0,0.0,0.5815023267991608,0.0,0.0
017,0.06224899598393574,0.24623115577889446,0.8,0.62,0.0,0.38926174496644295,0,Low,0,0.0,0.8274814321324866,0.0,0.0,0.0,0.0,0.0,0.0,0.0,0.0,0.37797056350004177,0.41522612225560906
018,0.47791164658634533,0.1256281407035176,0.7000000000000001,0.44,0.9666666666666667,0.6241610738255033,0,Medium,1,1.0,0.0,0.0,0.0,0.0,0.0,0.0,0.0,0.0,0.0,0.0,0.0
019,0.9779116465863453,0.15075376884422112,0.89,0.9400000000000001,0.7,0.2080536912751678,0,Low,1,0.581909171846092,0.0,0.5839761652357569,0.0,0.0,0.0,0.0,0.5659978393580096,0.0,0.0,0.0,0.0
020,0.4216867469879518,0.20100502512562815,0.18,0.52,0.43333333333333335,0.42281879194630867,0,High,0,0.0,0.0,0.0,0.0,0.0,0.5838554390154562,0.0,0.5897941678326865,0.0,0.0,0.557902918008696,0.0
021,0.3333333333333333,0.010050251256281405,0.04,0.52,0.2,0.2080536912751678,0,Medium,0,0.0,0.0,0.0,0.0,0.0,0.0,0.0,0.0,0.0,1.0,0.0,0.0
022,0.17469879518072287,0.9045226130653267,0.29,0.62,0.36666666666666664,0.2953020134228187,1,Medium,0,0.0,0.0,0.0,0.0,0.0,0.0,0.0,0.0,0.0,0.0,0.6731526649402817,0.7395035427121339
023,0.5823293172690762,0.2814070351758794,0.17,0.46,0.5,0.09395973154362416,0,High,1,0.0,0.0,0.0,0.5833123960238251,0.5753231812226601,0.0,0.0,0.5733671474655506,0.0,0.0,0.0,0.0
024,0.07630522088353413,0.9698492462311558,0.9500000000000001,0.5,0.7333333333333333,0.6577181208053691,0,Low,1,0.0,0.0,0.0,0.7323445263980201,0.0,0.0,0.0,0.0,0.0,0.0,0.6809342807164724,0.0
025,0.6405622489959839,0.14572864321608042,0.16,0.34,0.0,0.3825503355704698,0,Medium,1,0.0,0.0,0.0,0.0,0.0,0.8789591022333905,0.0,0.0,0.4768971551614376,0.0,0.0,0.0
026,0.4216867469879518,0.6984924623115578,0.67,0.12,0.06666666666666667,0.37583892617449655,0,Low,1,0.0,0.5012719834328234,0.0,0.4925081139529788,0.0,0.0,0.5030716431661612,0.0,0.0,0.0,0.0,0.5030716431661612
027,0.14457831325301204,0.40703517587939697,0.46,0.98,0.0,0.8389261744966443,0,Medium,1,0.7007430051161576,0.0,0.0,0.0,0.0,0.0,0.0,0.0,0.0,0.7134137935173225,0.0,0.0
028,0.48995983935742965,0.728643216080402,0.89,0.4,0.7333333333333333,0.8120805369127517,1,Low,1,0.0,0.0,0.44208570626595567,0.0,0.0,0.0,0.0,0.0,0.0,0.8969728135876424,0.0,0.0
029,0.4939759036144578,0.7688442211055276,0.43,0.66,0.3333333333333333,0.9395973154362416,1,Low,1,0.0,0.738301269540322,0.0,0.0,0.0,0.0,0.0,0.0,0.0,0.0,0.6744710782495782,0.0
030,0.6365461847389557,0.08040201005025126,0.29,0.34,0.9666666666666667,0.040268456375838924,0,Medium,1,0.0,0.0,0.0,0.0,0.591103993916953,0.583162625369275,0.0,0.0,0.0,0.0,0.557240900103215,0.0
031,0.9297188755020079,0.9396984924623115,0.38,0.1,0.3,0.25503355704697983,0,Medium,1,0.0,0.0,0.0,0.0,0.0,0.0,0.7395035427121339,0.0,0.0,0.0,0.6731526649402817,0.0
032,0.07228915662650602,0.4673366834170854,0.73,0.08,0.16666666666666666,0.026845637583892606,0,High,1,0.43383351426007066,0.0,0.0,0.0,0.0,0.41772217084415697,0.0,0.0,0.0,0.0,0.798308630724986,0.0
033,0.7389558232931727,0.9999999999999999,0.09,0.56,0.36666666666666664,0.040268456375838924,0,Low,0,0.0,0.0,0.0,0.0,0.0,0.0,0.0,0.0,0.0,0.7419193855122563,0.6704890941701558,0.0
034,0.9618473895582328,0.3869346733668342,0.29,0.5,0.9,1.0,1,High,1,0.0,0.0,0.6927128780745556,0.0,0.0,0.0,0.0,0.0,0.7212134694732661,0.0,0.0,0.0
035,0.22690763052208834,0.24623115577889446,0.67,0.34,0.9666666666666667,0.44966442953020125,0,Medium,0,0.5024100026567625,0.0,0.0,0.4971486319386397,0.0,0.0,0.0,0.4886724419095254,0.0,0.5114945469016776,0.0,0.0
036,0.23493975903614456,0.16080402010050251,0.01,0.54,0.4666666666666667,0.9664429530201342,0,High,1,0.0,0.0,0.43126939414412013,0.0,0.0,0.0,0.0,0.0,0.0,0.0,0.790781398642412,0.4343633147904115
037,0.35341365461847385,0.9748743718592965,0.43,0.48,0.9333333333333333,0.08724832214765102,1,Medium,0,0.0,0.0,0.0,0.0,0.7118725470809116,0.7023086762332752,0.0,0.0,0.0,0.0,0.0,0.0
038,0.5642570281124497,0.271356783919598,0.43,0.52,0.6666666666666666,0.15436241610738252,1,Low,0,0.0,0.0,0.0,0.0,0.0,0.0,0.5759545602632714,0.0,0.0,0.5801316135360006,0.0,0.5759545602632714
039,0.716867469879518,0.8040201005025126,0.07,0.8,0.0,0.40268456375838924,0,Low,1,0.0,0.0,0.0,0.5848979067568051,0.0,0.0,0.0,0.0,0.0,0.6017759490430156,0.5438383453057406,0.0
040,0.4397590361445783,0.7587939698492462,0.67,0.76,0.9666666666666667,0.4295302013422818,1,Medium,1,0.0,0.0,0.0,0.0,0.8120594965119694,0.0,0.0,0.4046492930268184,0.0,0.0,0.0,0.42049770959854565
041,0.7188755020080321,0.6783919597989949,0.37,0.04,0.9333333333333333,0.6644295302013422,0,Low,0,0.5007223059329522,0.5042953367811829,0.0,0.0,0.4886923912960883,0.0,0.0,0.0,0.0,0.0,0.0,0.5061058509158448
042,0.8493975903614457,0.8592964824120602,0.84,0.28,0.13333333333333333,0.7114093959731543,1,Medium,1,0.0,1.0,0.0,0.0,0.0,0.0,0.0,0.0,0.0,0.0,0.0,0.0
043,0.24297188755020077,0.3316582914572864,0.02,0.24,0.7,0.9463087248322146,1,High,0,0.0,0.577341669064506,0.5752873298124109,0.0,0.0,0.0,0.0,0.0,0.0,0.0,0.0,0.5794144331297905
044,0.49196787148594373,0.39195979899497485,0.61,0.42,0.3333333333333333,0.3355704697986577,0,Low,1,0.0,0.0,0.0,0.0,0.0,0.6897461878486059,0.7240512387589124,0.0,0.0,0.0,0.0,0.0
045,0.028112449799196783,0.08542713567839197,0.5700000000000001,0.58,0.06666666666666667,0.7919463087248322,1,Medium,0,0.0,0.7133148220027766,0.0,0.7008437519955124,0.0,0.0,0.0,0.0,0.0,0.0,0.0,0.0
046,0.35742971887550196,0.7386934673366834,0.45,0.88,0.9666666666666667,0.8724832214765099,0,High,1,0.5052454141928537,0.0,0.0,0.4999543502935622,0.0,0.0,0.0,0.0,0.5279014651122159,0.0,0.46485778706181713,0.0
047,0.7248995983935742,0.8944723618090452,0.6,0.64,0.06666666666666667,0.05369127516778524,0,High,0,0.0,0.0,0.0,0.0,0.0,0.0,0.7205551309717102,0.6933976515898662,0.0,0.0,0.0,0.0
048,0.8795180722891566,0.21608040201005027,0.4,0.4,0.7,0.8859060402684564,0,High,1,0.6914342867985431,0.0,0.0,0.0,0.0,0.0,0.0,0.0,0.7224393587280455,0.0,0.0,0.0
049,0.7971887550200802,0.7939698492462312,0.59,0.8,0.4,0.4563758389261745,1,Low,0,0.0,0.8937844994847925,0.0,0.0,0.0,0.0,0.0,0.0,0.0,0.0,0.0,0.44849667610888583
050,0.606425702811245,0.9045226130653267,0.53,0.52,0.6,0.7718120805369127,0,High,1,0.0,0.0,0.0,0.0,0.0,0.0,0.0,0.6933976515898662,0.0,0.0,0.0,0.7205551309717102
051,0.48594377510040154,0.8542713567839196,0.84,1.0,0.7,0.9664429530201342,1,Low,0,0.0,0.0,0.0,0.0,0.0,0.0,0.7395035427121339,0.0,0.0,0.0,0.6731526649402817,0.0
052,0.9337349397590361,0.38190954773869346,0.78,0.18,0.2,0.7046979865771812,1,Low,0,0.7045884279284795,0.7096161971300217,0.0,0.0,0.0,0.0,0.0,0.0,0.0,0.0,0.0,0.0
053,0.8614457831325301,0.36683417085427134,0.24,0.26,0.5333333333333333,0.9932885906040267,0,High,0,0.0,0.0,0.0,0.0,0.694622809889797,0.0,0.7193741390825799,0.0,0.0,0.0,0.0,0.0
054,0.7590361445783131,0.1407035175879397,0.58,0.34,0.7333333333333333,0.6912751677852349,0,Low,0,0.5919716565811439,0.0,0.5940743928159765,0.0,0.0,0.0,0.0,0.0,0.0,0.0,0.5446514239446228,0.0
055,0.04216867469879518,0.17085427135678394,0.55,0.8200000000000001,0.06666666666666667,0.27516778523489926,1,Medium,1,0.0,0.7181289936871517,0.0,0.0,0.6959100146038127,0.0,0.0,0.0,0.0,0.0,0.0,0.0
056,0.07028112449799197,0.3618090452261306,0.47000000000000003,0.86,0.1,0.3825503355704698,1,High,0,0.0,0.5867736078900078,0.0,0.5765148910980793,0.5686187768847537,0.0,0.0,0.0,0.0,0.0,0.0,0.0
057,0.5502008032128514,0.7437185929648241,0.79,0.06,0.9666666666666667,0.23489932885906037,1,Medium,1,0.0,0.0,0.0,0.0,0.0,0.4300217930340311,0.9028185075173176,0.0,0.0,0.0,0.0,0.0
058,0.012048192771084336,0.9698492462311558,0.23,0.2,0.26666666666666666,0.060402684563758385,1,Medium,0,0.0,0.0,0.5903120758044567,0.0,0.0,0.0,0.0,0.0,0.0,0.5988588592938416,0.5412021062456354,0.0
059,0.5140562248995983,0.025125628140703515,0.79,0.62,1.0,0.7986577181208052,0,Low,0,0.0,0.0,0.0,0.0,0.0,0.0,1.0,0.0,0.0,0.0,0.0,0.0
060,0.6164658634538152,0.8140703517587939,0.28,0.98,0.26666666666666666,0.5033557046979865,1,High,0,0.0,0.0,0.0,0.4966643121348651,0.4898618544796429,0.0,0.0,0.48819637956926965,0.5244275160142002,0.0,0.0,0.0
061,0.967871485943775,0.025125628140703515,0.9400000000000001,0.9400000000000001,0.6,0.1342281879194631,1,Medium,1,0.0,0.0,0.0,0.0,0.0,0.7229927881518546,0.0,0.0,0.0,0.0,0.6908555770060826,0.0
062,0.20481927710843373,0.23115577889447236,0.48,0.08,0.4666666666666667,0.7919463087248322,1,Low,0,0.0,0.0,0.0,0.6876266160359565,0.0,0.0,0.0,0.0,0.7260644853722974,0.0,0.0,0.0
063,0.3273092369477911,0.22110552763819097,0.31,0.02,0.5666666666666667,0.4899328859060402,0,Low,1,0.0,0.5021748254155034,0.5003879503109632,0.49339517131262245,0.0,0.0,0.0,0.0,0.0,0.0,0.0,0.5039777265196249
064,0.5622489959839357,0.135678391959799,0.19,0.6,0.43333333333333335,0.16778523489932887,0,Medium,1,0.0,0.0,0.0,0.0,0.7118725470809116,0.7023086762332752,0.0,0.0,0.0,0.0,0.0,0.0
065,0.17871485943775098,0.07035175879396986,0.48,0.54,0.6666666666666666,0.43624161073825496,0,High,1,0.0,0.7181289936871517,0.0,0.0,0.6959100146038127,0.0,0.0,0.0,0.0,0.0,0.0,0.0
066,0.8433734939759036,0.19095477386934676,0.9,0.18,0.43333333333333335,0.3221476510067114,1,High,1,0.8200080232027305,0.0,0.0,0.0,0.0,0.39477762817158735,0.0,0.0,0.0,0.0,0.0,0.41441219356863296
067,0.1365461847389558,0.055276381909547735,0.87,0.4,0.3333333333333333,0.697986577181208,1,Low,1,0.0,0.0,0.0,0.8968704540167783,0.44229332881215594,0.0,0.0,0.0,0.0,0.0,0.0,0.0
068,0.9558232931726907,0.025125628140703515,0.16,1.0,0.6,0.4563758389261745,0,Medium,0,0.5029438707402603,0.0,0.0,0.4976769092140583,0.49086058273721006,0.0,0.5083513010063344,0.0,0.0,0.0,0.0,0.0
069,0.7429718875502007,0.17587939698492464,0.33,0.06,0.9666666666666667,0.060402684563758385,0,High,0,0.0,0.4969769148311362,0.0,0.4882881371614789,0.0,0.0,0.0,0.0,0.5155831184449212,0.0,0.0,0.49876115446865804
070,0.11244979919678713,0.8040201005025126,0.19,1.0,0.5666666666666667,0.6442953020134228,0,Medium,0,0.0,0.5825909064392905,0.0,0.0,0.5645654886130924,0.0,0.5846825162439068,0.0,0.0,0.0,0.0,0.0
071,0.1546184738955823,0.728643216080402,0.54,0.36,0.7,0.49664429530201337,0,Low,0,0.0,0.0,0.0,0.5864234460579296,0.0,0.0,0.0,0.0,0.0,0.0,0.5452567924563257,0.5990013123472949
072,0.06024096385542168,0.40703517587939697,0.92,0.96,0.6333333333333333,0.1140939597315436,0,Low,0,0.0,0.0,0.0,0.7323445263980201,0.0,0.0,0.0,0.0,0.0,0.0,0.6809342807164724,0.0
073,0.6646586345381525,0.3517587939698492,0.48,0.66,0.36666666666666664,0.12751677852348994,0,Low,1,0.5772748579188556,0.0,0.0,0.5712294825925253,0.0,0.0,0.0,0.0,0.0,0.0,0.0,0.5834814621149851
074,0.35943775100401604,0.7236180904522613,0.01,0.62,0.9666666666666667,0.5570469798657718,1,Medium,1,0.0,0.0,0.0,0.0,0.0,0.0,0.48143664772502404,0.0,0.0,0.0,0.8764808921062062,0.0
075,0.7951807228915662,0.8844221105527638,0.63,0.38,0.13333333333333333,0.2953020134228187,0,Low,1,0.5078201423586005,0.0,0.0,0.5025021152234922,0.49561970133356653,0.0,0.0,0.4939346503950023,0.0,0.0,0.0,0.0
076,0.5682730923694779,0.8291457286432161,0.31,0.24,0.5666666666666667,0.8791946308724832,0,Medium,1,0.0,0.738301269540322,0.0,0.0,0.0,0.0,0.0,0.0,0.0,0.0,0.6744710782495782,0.0
077,0.1827309236947791,0.4623115577889447,0.37,0.86,0.16666666666666666,0.7718120805369127,1,Medium,1,0.0,0.8876816563196683,0.0,0.0,0.0,0.0,0.0,0.0,0.4604576821311274,0.0,0.0,0.0
078,0.4417670682730923,0.23618090452261306,0.32,0.8200000000000001,0.5333333333333333,0.7046979865771812,1,Low,1,0.0,0.0,0.5797747013400634,0.0,0.5638427234853731,0.0,0.0,0.0,0.0,0.588168920344009,0.0,0.0
079,0.33132530120481923,0.7537688442211056,0.31,0.88,1.0,0.5436241610738255,1,High,1,0.0,0.0,0.0,0.5677876434650919,0.0,0.0,0.5799658009181489,0.0,0.0,0.5841719453155277,0.0,0.0
080,0.14056224899598393,0.2562814070351759,0.49,0.3,0.6666666666666666,0.46308724832214765,1,Low,0,0.0,0.5920279135100339,0.0,0.0,0.5737105137912268,0.566002823305999,0.0,0.0,0.0,0.0,0.0,0.0
081,0.8132530120481927,0.3065326633165829,0.45,0.04,0.8333333333333334,0.8724832214765099,1,High,0,0.0,0.6004473053562427,0.0,0.0,0.5818694088562587,0.0,0.0,0.0,0.0,0.0,0.5485353448299343,0.0
082,0.09638554216867469,0.6180904522613065,0.85,0.84,0.5,0.832214765100671,0,High,0,0.4972188816820883,0.0,0.49898504759143963,0.0,0.0,0.0,0.0,0.48362326345064255,0.5195150094350812,0.0,0.0,0.0
083,0.8674698795180722,0.6834170854271356,0.23,0.22,0.9333333333333333,0.697986577181208,0,High,0,0.7359077831846009,0.0,0.0,0.0,0.0,0.0,0.0,0.0,0.0,0.0,0.6770817784051839,0.0
084,0.46787148594377503,0.8341708542713567,0.53,0.68,0.5666666666666667,0.4161073825503355,0,High,0,0.0,0.0,0.0,0.0,0.0,0.6897461878486059,0.7240512387589124,0.0,0.0,0.0,0.0,0.0
085,0.7008032128514056,0.7035175879396984,0.42,0.74,0.8666666666666667,0.6845637583892616,1,Medium,0,0.41356936230914104,0.0,0.0,0.0,0.8072666156027616,0.0,0.0,0.0,0.0,0.4210474960054669,0.0,0.0
086,0.5923694779116465,0.07035175879396986,0.6900000000000001,0.64,0.36666666666666664,0.06711409395973153,0,High,1,0.0,0.0,0.0,0.0,0.41216686484575055,0.8132589644706084,0.0,0.41076554411418026,0.0,0.0,0.0,0.0
087,0.6987951807228915,0.4472361809045226,0.09,0.76,0.2,0.174496644295302,0,Medium,0,0.0,0.0,0.0,0.49858049205457705,0.0,0.0,0.5092742642864072,0.0,0.5264508091137414,0.0,0.46358037303324373,0.0
088,0.9036144578313252,0.16080402010050251,0.8200000000000001,0.78,0.0,0.34899328859060397,0,Medium,0,0.0,0.5020041269066051,0.0,0.0,0.48647207167204537,0.0,0.5038064151713039,0.0,0.0,0.5074602211839715,0.0,0.0
089,0.5803212851405622,0.4221105527638191,0.3,0.68,1.0,0.9597315436241609,0,Low,1,0.7007430051161576,0.0,0.0,0.0,0.0,0.0,0.0,0.0,0.0,0.7134137935173225,0.0,0.0
090,0.7188755020080321,0.3015075376884422,0.64,0.42,0.4666666666666667,0.8724832214765099,0,High,0,0.0,0.738301269540322,0.0,0.0,0.0,0.0,0.0,0.0,0.0,0.0,0.6744710782495782,0.0
091,0.7289156626506024,0.19095477386934676,0.18,0.46,0.8666666666666667,0.9865771812080537,1,Medium,1,0.5889482320891428,0.0,0.0,0.0,0.0,0.0,0.0,0.0,0.0,0.599597554841647,0.5418696818857753,0.0
092,0.39156626506024095,0.4723618090452261,0.4,0.66,1.0,0.10067114093959731,1,High,1,0.5758496444771743,0.0,0.0,0.5698191943637765,0.0,0.0,0.0,0.0,0.0,0.5862621194398702,0.0,0.0
093,0.1144578313253012,0.22110552763819097,0.0,0.98,0.03333333333333333,0.4429530201342281,0,Low,1,0.0,0.5093886158532136,0.0,0.0,0.0,0.4869962854005994,0.0,0.4919498041669393,0.0,0.0,0.0,0.5112174158078684
094,0.4257028112449799,0.6432160804020101,0.5,0.5,0.23333333333333334,0.43624161073825496,0,Low,0,0.5075123717049868,0.511133854787475,0.0,0.0,0.0,0.0,0.0,0.0,0.0,0.0,0.46694353157893825,0.5129689204747836
095,0.05220883534136546,0.6080402010050251,0.48,0.9,0.1,0.40268456375838924,1,Low,0,0.0,0.0,0.0,0.5691828643975146,0.0,0.0,0.5813909471587257,0.0,0.0,0.0,0.0,0.5813909471587257
096,0.9859437751004015,0.37688442211055273,0.19,0.12,0.03333333333333333,0.006711409395973145,0,Medium,0,0.0,0.0,0.7045749592001955,0.0,0.0,0.0,0.0,0.0,0.0,0.0,0.0,0.7096295701759072
097,0.8212851405622489,0.23115577889447236,0.39,0.06,0.9666666666666667,0.03355704697986575,0,High,0,0.0,0.0,0.0,0.0,0.3989369677324478,0.0,0.8263043874308568,0.39758062715499143,0.0,0.0,0.0,0.0
098,0.24497991967871482,0.5276381909547738,0.4,0.62,0.43333333333333335,0.1342281879194631,1,High,1,0.0,0.0,0.0,0.7131601967950651,0.0,0.0,0.0,0.7010010939415314,0.0,0.0,0.0,0.0
099,0.931726907630522,0.5577889447236181,0.87,0.2,0.7,0.7718120805369127,0,Medium,1,0.0,0.0,0.0,0.5864234460579296,0.0,0.0,0.5990013123472949,0.0,0.0,0.0,0.5452567924563257,0.0
100,0.5863453815261044,0.8793969849246231,0.12,0.54,0.8,0.9395973154362416,1,Low,1,0.0,0.7058386000088315,0.0,0.0,0.0,0.0,0.0,0.0,0.0,0.0,0.0,0.7083726919761749
101,0.5060240963855421,0.6633165829145728,0.8200000000000001,0.44,0.2,0.5771812080536912,1,Medium,0,0.0,0.0,0.7120647272781427,0.7021138256481666,0.0,0.0,0.0,0.0,0.0,0.0,0.0,0.0
102,0.9457831325301204,0.8592964824120602,0.75,0.5,0.43333333333333335,0.4429530201342281,0,High,1,0.0,0.0,0.0,0.0,0.0,1.0,0.0,0.0,0.0,0.0,0.0,0.0
103,0.4638554216867469,0.7688442211055276,0.01,0.96,1.0,0.24161073825503357,0,Medium,0,0.0,0.0,0.0,0.0,0.0,0.55919378133914,0.0,0.5648816622797624,0.6068039407680922,0.0,0.0,0.0
104,0.09839357429718874,0.1256281407035176,0.67,0.98,0.03333333333333333,0.8859060402684564,0,Medium,1,0.5032473595495166,0.5068384085574309,0.5050349391510809,0.0,0.0,0.4845581832495189,0.0,0.0,0.0,0.0,0.0,0.0
105,0.8634538152610441,0.7738693467336684,0.7000000000000001,0.08,0.23333333333333334,0.28859060402684567,0,Medium,0,0.0,0.49899212421072736,0.0,0.0,0.0,0.0,0.5007835988250573,0.4819092342202051,0.5176737747817495,0.0,0.0,0.0
106,0.21686746987951805,0.25125628140703515,0.45,0.2,0.9,0.8859060402684564,1,Medium,1,0.0,0.0,0.8089051628621202,0.0,0.0,0.0,0.0,0.0,0.4210931523347812,0.41030841394219986,0.0,0.0
107,0.4578313253012048,0.5527638190954773,0.38,0.08,0.5666666666666667,0.5704697986577181,1,Medium,0,0.0,0.0,0.0,0.0,0.0,0.47686883895409476,0.0,0.0,0.5174697937696748,0.5042167253668144,0.0,0.5005862731147452
108,0.9698795180722891,0.18090452261306533,0.43,0.5,0.5,0.4899328859060402,0,Low,0,0.0,0.7228154880986929,0.0,0.0,0.0,0.691041077045821,0.0,0.0,0.0,0.0,0.0,0.0
109,0.10441767068273092,0.11055276381909548,0.49,0.02,0.6333333333333333,0.14093959731543623,0,Medium,1,0.0,0.0,0.39898897938909683,0.0,0.3880249211623407,0.0,0.0,0.0,0.8308095178095917,0.0,0.0,0.0
110,0.5602409638554217,0.8844221105527638,0.61,0.46,0.6333333333333333,0.22147651006711408,1,High,1,0.0,0.0,0.0,0.0,0.0,0.6897461878486059,0.7240512387589124,0.0,0.0,0.0,0.0,0.0
111,0.3293172690763052,0.7437185929648241,0.4,0.32,0.6333333333333333,0.5570469798657718,1,Medium,1,0.0,0.0,0.43404746240551156,0.0,0.422120011030097,0.0,0.0,0.0,0.0,0.0,0.7958753022096405,0.0
112,0.07228915662650602,0.7236180904522613,0.71,0.24,0.4,0.9597315436241609,0,Medium,0,0.0,0.0,0.4963563414634332,0.0,0.4827166669106242,0.0,0.0,0.0,0.5167781492917057,0.5035427947954102,0.0,0.0
113,0.4337349397590361,0.24623115577889446,0.79,0.9,0.7333333333333333,0.40268456375838924,1,Medium,1,0.0,0.0,0.7215838414330082,0.0,0.0,0.6923270612815761,0.0,0.0,0.0,0.0,0.0,0.0
114,0.8654618473895581,0.4723618090452261,0.89,0.86,1.0,0.6308724832214765,1,Low,1,0.0,0.0,0.0,0.0,0.4884183739685781,0.4818565669886594,0.5058220695941479,0.0,0.522882180544802,0.0,0.0,0.0
115,0.9337349397590361,0.15075376884422112,0.42,0.42,0.4666666666666667,0.9865771812080537,0,Medium,0,0.0,0.0,0.0,0.4533869627808472,0.0,0.0,0.0,0.8913137842423163,0.0,0.0,0.0,0.0
116,0.7751004016064257,0.24623115577889446,0.11,0.8200000000000001,0.6333333333333333,0.9664429530201342,0,Medium,1,0.0,0.0,0.8225772325920477,0.4055409750978213,0.0,0.0,0.0,0.3986266598434132,0.0,0.0,0.0,0.0
117,0.2730923694779116,0.7085427135678392,0.37,0.18,0.6666666666666666,0.8187919463087248,0,Low,1,0.0,0.0,0.0,0.0,0.0,0.0,0.0,0.0,0.45654326713250065,0.8897012112141818,0.0,0.0
118,0.8634538152610441,0.8391959798994975,0.4,0.8,0.4666666666666667,0.3422818791946308,0,Low,1,0.0,0.0,0.0,0.0,0.0,0.0,0.0,0.8873682499353885,0.0,0.0,0.0,0.4610613722777106
119,0.21686746987951805,0.010050251256281405,0.72,0.24,0.16666666666666666,0.5369127516778524,0,Medium,0,0.0,0.0,0.0,0.0,0.7276420746748922,0.0,0.0,0.0,0.0,0.0,0.6859570038732885,0.0
120,0.7851405622489959,0.9949748743718593,0.11,0.04,0.5,0.6040268456375838,0,High,0,0.0,0.0,0.0,0.0,0.0,0.0,0.4610613722777106,0.8873682499353885,0.0,0.0,0.0,0.0
121,0.2610441767068273,0.7487437185929648,0.33,0.42,0.8,0.825503355704698,1,High,1,0.4989458263938888,0.0,0.0,0.4937207334478157,0.0,0.0,0.0,0.48530298774931424,0.521319393241283,0.0,0.0,0.0
122,0.21285140562248994,0.6633165829145728,0.99,0.44,0.4,0.5033557046979865,0,High,0,0.0,0.0,0.0,0.0,0.0,0.0,0.5065518307061018,0.0,0.5236365546704731,0.0,0.46110220583882516,0.5065518307061018
123,0.004016064257028112,0.11557788944723618,0.61,0.16,0.06666666666666667,0.24161073825503357,0,Low,1,0.0,0.4065367008478843,0.0,0.0,0.0,0.0,0.0,0.0,0.0,0.41095519553378196,0.0,0.8159924865631477
124,0.7329317269076304,0.2814070351758794,0.39,0.58,0.6666666666666666,0.523489932885906,0,Medium,0,0.0,0.0,0.0,0.0,0.0,0.8033504033347871,0.0,0.40576087071473765,0.43587411629810346,0.0,0.0,0.0
125,0.9779116465863453,0.20603015075376885,0.97,0.14,0.7666666666666666,0.5906040268456375,0,Low,0,0.0,0.0,0.0,0.5758022977667336,0.5679159434371834,0.0,0.0,0.0,0.0,0.0,0.0,0.5881523570269901
126,0.9297188755020079,0.7839195979899497,0.6,0.88,0.3333333333333333,0.8187919463087248,1,Low,1,0.0,0.0,0.0,0.6876266160359565,0.0,0.0,0.0,0.0,0.7260644853722974,0.0,0.0,0.0
127,0.3072289156626506,0.38190954773869346,0.79,0.66,0.1,0.7181208053691275,0,High,0,0.5125738680128371,0.0,0.51439457620607,0.0,0.5002592181475938,0.0,0.0,0.0,0.0,0.0,0.4716004288150026,0.0
128,0.5160642570281124,0.14572864321608042,0.59,0.14,0.6333333333333333,0.7181208053691275,1,Medium,1,0.0,0.0,0.0,0.0,0.0,0.0,0.0,0.0,0.8368841179378406,0.0,0.3684703725998079,0.4047895226652505
129,0.4497991967871485,0.9999999999999999,0.67,0.88,0.26666666666666666,0.7046979865771812,1,High,1,0.0,0.0,0.0,0.0,0.0,0.0,0.0,0.0,0.5887199392817505,0.5736420628155897,0.0,0.5695117354899435
130,0.8413654618473895,0.23618090452261306,0.72,0.34,0.4,0.4832214765100671,0,Medium,0,0.0,0.0,0.0,0.9502910552708377,0.0,0.0,0.0,0.31136298796137896,0.0,0.0,0.0,0.0
131,0.4457831325301204,0.3869346733668342,0.79,0.1,0.5666666666666667,0.8053691275167785,1,Medium,0,0.0,0.0,0.0,0.0,0.40941752563836825,0.8078341597434965,0.0,0.0,0.0,0.0,0.0,0.4240062028457545
132,0.6365461847389557,0.6984924623115578,0.12,0.54,0.23333333333333334,0.7114093959731543,0,High,1,0.7203562479441641,0.0,0.0,0.0,0.0,0.6936042647272334,0.0,0.0,0.0,0.0,0.0,0.0
133,0.06024096385542168,0.3517587939698492,0.28,0.12,0.16666666666666666,0.8187919463087248,1,High,0,0.0,0.0,0.0,0.0,0.5041413755765647,0.49736833309201445,0.5221053251747324,0.0,0.0,0.0,0.47526018568067196,0.0
134,0.05220883534136546,0.542713567839196,0.18,0.12,0.43333333333333335,0.32885906040268453,1,Medium,0,0.0,0.0,0.4972617206529135,0.0,0.4835971666406118,0.0,0.5008290693334098,0.0,0.5177207788964115,0.0,0.0,0.0
135,0.49196787148594373,0.5326633165829145,0.52,0.46,0.9666666666666667,0.9865771812080537,0,Low,1,0.41435565920610223,0.41731239896972006,0.0,0.0,0.8088014276384616,0.0,0.0,0.0,0.0,0.0,0.0,0.0
136,0.610441767068273,0.8291457286432161,0.75,0.98,0.2,0.785234899328859,1,High,0,0.579854299529278,0.0,0.0,0.0,0.5659232290686588,0.0,0.0,0.0,0.0,0.0,0.0,0.5860886367418437
137,0.006024096385542168,0.7939698492462312,0.08,0.26,0.9333333333333333,0.8724832214765099,1,Medium,0,0.0,0.0,0.0,0.0,0.8133949128563167,0.4012335542685783,0.0,0.0,0.0,0.0,0.0,0.4211892100570348
138,0.502008032128514,0.5778894472361809,0.43,0.96,0.4,0.261744966442953,0,High,1,0.0,0.5850848023420023,0.0,0.0,0.0,0.5593649259468458,0.0,0.0,0.0,0.0,0.0,0.5871853656971533
139,0.5682730923694779,0.36683417085427134,0.6,0.5,0.5666666666666667,0.8523489932885906,0,High,1,0.0,0.0,0.0,0.5613489032956362,0.0,0.0,0.0,0.0,0.5927279326900534,0.5775474063466669,0.0,0.0
140,0.7751004016064257,0.8341708542713567,0.19,0.34,0.36666666666666664,0.5906040268456375,1,Medium,1,0.0,0.0,0.5732032519694313,0.0,0.0,0.0,0.0,0.0,0.0,0.5815023267991608,0.0,0.5773154041412984
141,0.1967871485943775,0.8241206030150754,0.38,0.2,0.4666666666666667,0.23489932885906037,0,Medium,1,0.0,0.5694819494756568,0.0,0.0,0.0,0.0,0.5715264956845143,0.0,0.5908026522892263,0.0,0.0,0.0
142,0.5220883534136546,0.4321608040201005,0.97,0.98,0.8666666666666667,0.5100671140939597,0,Low,1,0.0,0.0,0.5772144167821882,0.5691480098099467,0.0,0.0,0.0,0.0,0.0,0.5855715669225882,0.0,0.0
143,0.9959839357429718,0.7437185929648241,0.2,0.26,0.8666666666666667,0.8389261744966443,1,High,0,0.0,0.0,0.0,0.0,0.0,0.0,0.4610613722777106,0.8873682499353885,0.0,0.0,0.0,0.0
144,0.46787148594377503,0.09045226130653267,0.73,0.12,0.3,0.1140939597315436,0,Low,0,0.0,0.5156995036885562,0.5138645040869685,0.0,0.0,0.0,0.0,0.4980446400900314,0.0,0.0,0.4711144551087577,0.0
145,0.6305220883534136,0.3969849246231156,0.09,0.64,0.1,0.2013422818791946,1,Low,1,0.0,0.0,0.0,0.0,0.5028712220599221,0.0,0.0,0.5011615167709091,0.0,0.0,0.4740627965644302,0.5207899125802591
146,0.646586345381526,0.2663316582914573,0.5,0.92,0.7666666666666666,0.6174496644295302,0,Medium,0,0.0,0.0,0.6927128780745556,0.0,0.0,0.0,0.0,0.0,0.7212134694732661,0.0,0.0,0.0
147,0.0823293172690763,0.5226130653266331,0.75,0.74,0.1,0.3825503355704698,1,High,0,0.0,0.0,0.0,0.5696997840953741,0.0,0.0,0.0,0.5599866252545112,0.601545622158243,0.0,0.0,0.0
148,0.8493975903614457,0.1407035175879397,0.9400000000000001,0.42,1.0,0.6510067114093959,0,High,0,0.0,0.0,0.4157054094449466,0.0,0.0,0.0,0.0,0.8058149546575698,0.0,0.42172416507526345,0.0,0.0
149,0.4417670682730923,0.8542713567839196,0.31,0.38,0.4666666666666667,0.912751677852349,0,Medium,0,0.0,0.5093886158532136,0.0,0.0,0.0,0.4869962854005994,0.0,0.4919498041669393,0.0,0.0,0.0,0.5112174158078684
150,0.4618473895582329,0.5728643216080402,0.91,0.64,0.4,0.3087248322147651,0,High,0,0.0,0.0,0.0,0.4396537791528329,0.0,0.0,0.8981673310005391,0.0,0.0,0.0,0.0,0.0
151,0.6606425702811244,0.7135678391959799,0.76,0.08,0.9,0.6308724832214765,0,Medium,1,0.46085301069645856,0.0,0.0,0.0,0.0,0.8874764799880669,0.0,0.0,0.0,0.0,0.0,0.0
152,0.2289156626506024,0.32160804020100503,0.48,0.24,0.7333333333333333,0.261744966442953,1,High,0,0.0,0.0,0.0,0.0,0.0,0.0,0.0,0.0,0.7504987870033653,0.0,0.660871826231439,0.0
153,0.8815261044176707,0.964824120603015,0.98,0.46,0.8,0.38926174496644295,1,Medium,0,0.7108189277841205,0.0,0.0,0.7033750435605696,0.0,0.0,0.0,0.0,0.0,0.0,0.0,0.0
154,0.5722891566265059,0.7738693467336684,0.39,0.62,0.26666666666666666,0.6442953020134228,0,Low,0,0.0,0.0,0.599078425532862,0.0,0.5826159890264887,0.0,0.0,0.0,0.0,0.0,0.5492391550060446,0.0
155,0.024096385542168672,0.7939698492462312,0.65,0.8,0.06666666666666667,0.2818791946308725,1,Low,0,0.0,0.0,0.0,0.0,0.0,0.6871291829425854,0.0,0.0,0.0,0.7265352613250474,0.0,0.0
156,0.5341365461847389,0.05025125628140704,0.14,0.9,0.8666666666666667,0.27516778523489926,1,Medium,0,0.0,0.5032782906675631,0.0,0.0,0.48770681268555505,0.0,0.0,0.48604866467358393,0.5221204100318804,0.0,0.0,0.0
157,0.15261044176706826,0.04522613065326633,0.86,0.48,0.9,0.3221476510067114,1,Medium,1,0.0,0.0,0.0,0.5793376870850112,0.0,0.0,0.0,0.0,0.6117222774985782,0.0,0.5386684504729623,0.0
158,0.004016064257028112,0.08040201005025126,0.08,0.98,0.1,0.3422818791946308,0,Medium,0,0.5804856468366177,0.0,0.0,0.0,0.0,0.0,0.0,0.5646132382576722,0.0,0.0,0.0,0.5867267720164632
159,0.7630522088353413,0.8592964824120602,0.07,0.6,0.03333333333333333,0.7785234899328859,1,Low,0,0.5779779507752655,0.5821022588463217,0.0,0.5719252124741788,0.0,0.0,0.0,0.0,0.0,0.0,0.0,0.0
160,0.6204819277108433,0.8190954773869347,0.66,0.34,0.2,0.5838926174496644,1,Low,0,0.0,0.0,1.0,0.0,0.0,0.0,0.0,0.0,0.0,0.0,0.0,0.0
161,0.8152610441767068,0.01507537688442211,0.6,0.98,0.7333333333333333,0.5369127516778524,0,High,0,0.0,0.0,0.4097121964791953,0.0,0.0,0.0,0.0,0.0,0.0,0.8312883597644094,0.37562691460595743,0.0
162,0.7590361445783131,0.7085427135678392,0.64,0.5,0.1,0.8791946308724832,0,High,0,0.41721352263990036,0.0,0.0,0.0,0.0,0.803438796930758,0.0,0.0,0.0,0.4247575498008971,0.0,0.0
163,0.2228915662650602,0.9999999999999999,0.8200000000000001,0.46,0.8,0.07382550335570467,1,Medium,1,0.7108189277841205,0.0,0.0,0.7033750435605696,0.0,0.0,0.0,0.0,0.0,0.0,0.0,0.0
164,0.5160642570281124,0.24623115577889446,0.11,0.46,0.43333333333333335,0.47651006711409394,0,Low,1,0.0,0.0,0.5133736918871957,0.0,0.0,0.0,0.5170566276256447,0.4975689380646075,0.0,0.0,0.4706644751622589,0.0
165,0.13453815261044175,0.728643216080402,0.38,0.26,0.5,0.7114093959731543,0,Low,0,0.0,0.0,0.0,0.0,0.5573960795418706,0.0,0.0,0.0,0.5967270951127803,0.0,0.0,0.5772576413263105
166,0.9999999999999999,0.4673366834170854,0.21,0.6,0.0,0.7181208053691275,0,Low,1,0.0,0.0,0.7045749592001955,0.0,0.0,0.0,0.0,0.0,0.0,0.0,0.0,0.7096295701759072
167,0.931726907630522,0.7537688442211056,0.55,0.04,0.8333333333333334,0.8389261744966443,0,High,0,0.6004493913029268,0.0,0.0,0.0,0.0,0.5781504078699445,0.0,0.0,0.0,0.0,0.5524514769314687,0.0
168,0.825301204819277,0.9798994974874372,0.65,0.02,0.03333333333333333,0.8993288590604027,1,Low,1,0.7058520451374484,0.0,0.7083592946911064,0.0,0.0,0.0,0.0,0.0,0.0,0.0,0.0,0.0
169,0.07429718875502007,0.11557788944723618,0.24,0.54,0.6333333333333333,0.4563758389261745,0,Medium,0,0.5823485113790294,0.0,0.0,0.0,0.0,0.5607217431691646,0.0,0.0,0.0,0.0,0.0,0.5886096652553046
170,0.5321285140562249,0.16080402010050251,0.73,0.24,0.8333333333333334,0.8590604026845636,0,High,0,0.5779779507752655,0.5821022588463217,0.0,0.5719252124741788,0.0,0.0,0.0,0.0,0.0,0.0,0.0,0.0
171,0.6405622489959839,0.9296482412060302,0.54,0.9400000000000001,0.7,0.38926174496644295,1,High,0,0.7203562479441641,0.0,0.0,0.0,0.0,0.6936042647272334,0.0,0.0,0.0,0.0,0.0,0.0
172,0.25903614457831325,0.3517587939698492,0.18,0.02,0.06666666666666667,0.40268456375838924,0,Low,0,0.0,0.0,0.0,0.394285210146327,0.38888496619770907,0.0,0.0,0.0,0.8326509809789894,0.0,0.0,0.0
173,0.39959839357429716,0.40703517587939697,0.39,0.74,0.1,0.4093959731543624,0,Low,1,0.0,0.0,0.7045749592001955,0.0,0.0,0.0,0.0,0.0,0.0,0.0,0.0,0.7096295701759072
174,0.1285140562248996,0.5628140703517588,0.67,0.68,0.9666666666666667,0.9597315436241609,0,Low,1,0.0,0.0,0.0,0.0,0.0,0.0,0.0,0.0,0.0,0.5973620284243234,0.5398493868081506,0.5930609130263446
175,0.6706827309236947,0.39195979899497485,0.19,0.2,0.16666666666666666,0.8120805369127517,1,High,0,0.0,0.0,0.0,0.0,0.0,0.0,0.0,0.5611736615347453,0.0,0.587381736973441,0.0,0.5831524814915484
176,0.1827309236947791,0.09547738693467338,0.23,0.92,0.4,0.8724832214765099,1,High,1,0.0,0.0,0.0,0.0,0.0,0.6871291829425854,0.0,0.0,0.0,0.7265352613250474,0.0,0.0
177,0.8935742971887549,0.1256281407035176,0.0,0.46,0.5333333333333333,0.020134228187919462,0,Medium,0,0.5167351778749215,0.0,0.0,0.0,0.504320552031326,0.0,0.0,0.5026059191843042,0.0,0.0,0.47542909749645385,0.0
178,0.5763052208835341,0.010050251256281405,0.84,0.72,0.7666666666666666,0.8389261744966443,1,Low,1,0.0,0.0,0.0,0.8224797146279373,0.0,0.40015814019897167,0.0,0.40422837834329084,0.0,0.0,0.0,0.0
179,0.7188755020080321,0.5527638190954773,0.74,0.46,0.7666666666666666,0.36241610738255026,0,High,1,0.0,0.43422506156477203,0.0,0.4266333909942959,0.0,0.0,0.0,0.0,0.0,0.0,0.7933678501160594,0.0
180,0.7991967871485943,0.6180904522613065,0.31,0.92,0.16666666666666666,0.7382550335570469,0,High,1,0.5060696278642274,0.0,0.0,0.0,0.0,0.0,0.0,0.0,0.0,0.5152203452086851,0.4656161158513083,0.511510664889743
181,0.644578313253012,0.6482412060301508,0.3,0.48,0.1,0.07382550335570467,1,Low,0,0.6004493913029268,0.0,0.0,0.0,0.0,0.5781504078699445,0.0,0.0,0.0,0.0,0.5524514769314687,0.0
182,0.5100401606425702,0.4723618090452261,0.58,0.96,0.16666666666666666,0.5570469798657718,1,Medium,0,0.0,0.0,0.0,0.0,0.0,0.7229927881518546,0.0,0.0,0.0,0.0,0.6908555770060826,0.0
183,0.7409638554216866,0.32160804020100503,0.03,0.0,0.5666666666666667,0.8523489932885906,0,High,1,0.5075123717049868,0.511133854787475,0.0,0.0,0.0,0.0,0.5129689204747836,0.0,0.0,0.0,0.46694353157893825,0.0
184,0.36947791164658633,0.09045226130653267,0.85,0.1,0.6,0.3221476510067114,1,High,1,0.4559556410013262,0.0,0.0,0.0,0.8900025019285449,0.0,0.0,0.0,0.0,0.0,0.0,0.0
185,0.4799196787148594,0.6080402010050251,0.3,0.22,0.7,0.27516778523489926,0,High,1,0.5830703293313927,0.5872309753595488,0.0,0.0,0.0,0.561416754854764,0.0,0.0,0.0,0.0,0.0,0.0
186,0.41365461847389556,0.5829145728643216,0.64,0.74,0.5666666666666667,0.07382550335570467,0,Medium,0,0.5846827446372576,0.0,0.0,0.5785597919576554,0.0,0.0,0.0,0.5686955734427321,0.0,0.0,0.0,0.0
187,0.4437751004016064,0.7587939698492462,0.71,0.28,0.36666666666666664,0.6912751677852349,0,Low,0,0.0,0.0,0.0,0.7323445263980201,0.0,0.0,0.0,0.0,0.0,0.0,0.6809342807164724,0.0
188,0.10642570281124497,0.8793969849246231,0.2,0.86,0.6666666666666666,0.8724832214765099,0,Medium,0,0.0,0.0,0.0,0.699564696443676,0.0,0.0,0.7145692657046393,0.0,0.0,0.0,0.0,0.0
189,0.19076305220883533,0.3969849246231156,0.63,0.22,0.2,0.4899328859060402,1,High,0,0.0,0.0,0.0,0.0,0.0,0.55919378133914,0.0,0.5648816622797624,0.6068039407680922,0.0,0.0,0.0
190,0.3433734939759036,0.04020100502512563,0.75,0.46,0.6333333333333333,0.825503355704698,1,Medium,1,0.4972188816820883,0.0,0.49898504759143963,0.0,0.0,0.0,0.0,0.48362326345064255,0.5195150094350812,0.0,0.0,0.0
191,0.825301204819277,0.7437185929648241,0.37,0.84,0.0,0.38926174496644295,1,Low,1,0.5706502912068496,0.0,0.0,0.5646742900990549,0.0,0.0,0.0,0.0,0.5962392063984605,0.0,0.0,0.0
192,0.14859437751004015,0.21608040201005027,0.86,0.84,0.6333333333333333,0.30201342281879195,1,Medium,0,0.0,0.0,0.0,0.0,0.4484328765422625,0.0,0.0,0.8938165109439586,0.0,0.0,0.0,0.0
193,0.37550200803212846,0.5577889447236181,0.33,0.08,0.13333333333333333,0.6107382550335569,0,High,1,0.0,0.5733867342978631,0.0,0.5633620637259156,0.0,0.0,0.0,0.0,0.5948536274460374,0.0,0.0,0.0
194,0.2971887550200803,0.9095477386934673,0.52,0.4,0.1,0.6644295302013422,0,Low,1,0.0,0.0,0.7020065476764946,0.0,0.0,0.0,0.0,0.0,0.0,0.7121704901351428,0.0,0.0
195,0.7469879518072289,0.6582914572864321,0.46,0.6,0.8333333333333334,0.03355704697986575,1,Medium,1,0.0,0.0,0.0,0.0,0.0,0.38269237153428526,0.0,0.0,0.8305501487973621,0.4046393444811618,0.0,0.0
196,0.022088353413654616,0.542713567839196,0.31,1.0,0.6666666666666666,0.020134228187919462,1,Low,1,0.0,0.0,0.4217649007221255,0.0,0.0,0.8093286947467602,0.0,0.40878042073754095,0.0,0.0,0.0,0.0
197,0.2710843373493976,0.9095477386934673,0.65,0.2,0.43333333333333335,0.5436241610738255,1,Low,0,0.0,0.0,0.0,0.0,0.572988654121733,0.565290661682423,0.0,0.0,0.0,0.0,0.0,0.5934058224035329
198,0.9759036144578312,0.20100502512562815,0.9400000000000001,0.5,0.6,0.16107382550335567,0,High,0,0.0,0.0,0.0,0.0,0.694622809889797,0.0,0.7193741390825799,0.0,0.0,0.0,0.0,0.0
199,0.49999999999999994,0.7738693467336684,0.48,0.8,0.06666666666666667,0.174496644295302,1,Medium,1,0.0,0.0,0.0,0.0,0.6920210506877847,0.0,0.0,0.0,0.0,0.7218773201901929,0.0,0.0
200,0.8755020080321284,0.34673366834170855,0.56,0.62,0.23333333333333334,0.8724832214765099,1,Medium,1,0.0,0.5893218411363683,0.0,0.5790185729146505,0.0,0.5634157077855767,0.0,0.0,0.0,0.0,0.0,0.0
201,0.35542168674698793,0.07035175879396986,0.03,0.92,0.4666666666666667,0.0,0,Medium,0,0.0,0.7083659377670374,0.7058453784019739,0.0,0.0,0.0,0.0,0.0,0.0,0.0,0.0,0.0
202,0.9036144578313252,0.6281407035175879,0.58,0.02,0.36666666666666664,0.8120805369127517,0,Medium,1,0.4974928780215546,0.0,0.0,0.0,0.0,0.4790174068066415,0.5028417016225075,0.0,0.5198012922294946,0.0,0.0,0.0
203,0.8152610441767068,0.4673366834170854,0.34,0.16,0.2,0.9328859060402683,0,Low,0,0.0,0.5874185996267322,0.0,0.5771486062752053,0.0,0.0,0.0,0.5673084479250745,0.0,0.0,0.0,0.0
204,0.3373493975903614,0.8391959798994975,0.85,0.06,0.9,0.4697986577181208,0,Low,1,0.0,0.0,0.5038621833753947,0.0,0.0,0.0,0.5074768836838279,0.0,0.5245928073671992,0.0,0.4619442597861039,0.0
205,0.28714859437751,0.864321608040201,0.66,0.72,0.1,0.30201342281879195,1,High,0,0.0,0.0,0.0,0.0,0.0,0.6897461878486059,0.7240512387589124,0.0,0.0,0.0,0.0,0.0
206,0.323293172690763,0.7738693467336684,0.85,0.18,0.9,0.25503355704697983,1,Medium,1,0.0,0.0,0.0,0.5613489032956362,0.0,0.0,0.0,0.0,0.5927279326900534,0.5775474063466669,0.0,0.0
207,0.028112449799196783,0.3015075376884422,0.56,0.04,0.13333333333333333,0.6241610738255033,0,High,1,0.5772748579188556,0.0,0.0,0.5712294825925253,0.0,0.0,0.5834814621149851,0.0,0.0,0.0,0.0,0.0
208,0.34939759036144574,0.22110552763819097,0.13,0.76,0.43333333333333335,0.2684563758389261,0,Medium,0,0.0,0.0,0.0,0.0,0.0,0.8082941529926111,0.42424763852724845,0.40825788840144983,0.0,0.0,0.0,0.0
209,0.8975903614457831,0.19597989949748745,0.37,0.32,0.8,0.42281879194630867,0,Medium,0,0.0,0.0,0.0,0.0,0.0,0.3977517070880134,0.0,0.0,0.0,0.0,0.38007154373955976,0.8350683811209709
210,0.7670682730923694,0.8894472361809045,0.28,0.32,0.8333333333333334,0.8590604026845636,1,High,0,0.0,0.0,0.5847538963642621,0.0,0.0,0.0,0.0,0.0,0.6088126837732758,0.0,0.5361063297178976,0.0
211,0.823293172690763,0.5226130653266331,0.43,0.0,0.13333333333333333,0.8389261744966443,0,High,1,0.0,0.0,0.0,0.0,0.0,0.0,0.0,0.0,0.0,0.7096569955821839,0.0,0.7045473359691798
212,0.21285140562248994,0.7085427135678392,0.28,0.96,1.0,0.36241610738255026,1,Low,1,0.0,0.0,0.7180737149625854,0.0,0.0,0.0,0.0,0.6959670537315912,0.0,0.0,0.0,0.0
213,0.2751004016064257,0.9195979899497487,0.3,0.8,0.0,0.16778523489932887,0,Low,0,0.0,0.0,0.0,0.0,0.0,0.8854460448219977,0.0,0.0,0.0,0.0,0.0,0.4647421884325553
214,0.7309236947791165,0.9396984924623115,0.96,0.48,0.0,0.05369127516778524,0,Medium,1,0.0,0.0,0.7020065476764946,0.0,0.0,0.0,0.0,0.0,0.0,0.7121704901351428,0.0,0.0
215,0.9899598393574296,0.17587939698492464,0.4,0.9400000000000001,0.9666666666666667,0.12080536912751674,0,High,0,0.0,0.0,0.0,0.0,0.0,0.6897461878486059,0.0,0.0,0.0,0.0,0.0,0.7240512387589124
216,0.7369477911646586,0.9095477386934673,0.75,0.3,0.23333333333333334,0.07382550335570467,1,Low,0,0.0,0.7193123257067446,0.0,0.0,0.0,0.0,0.0,0.6946868201472906,0.0,0.0,0.0,0.0
217,0.6305220883534136,0.7839195979899497,0.7000000000000001,0.18,0.43333333333333335,0.8456375838926173,1,Medium,1,0.0,0.0,0.41683207314947746,0.4110069637215964,0.8107553876270346,0.0,0.0,0.0,0.0,0.0,0.0,0.0
218,0.2971887550200803,0.2814070351758794,0.8300000000000001,0.14,0.13333333333333333,0.5302013422818791,0,Low,0,0.579854299529278,0.0,0.0,0.0,0.5659232290686588,0.0,0.5860886367418437,0.0,0.0,0.0,0.0,0.0
219,0.16265060240963855,0.8994974874371859,0.01,0.5,0.0,0.9865771812080537,0,High,1,0.0,0.0,0.818205525498573,0.0,0.3978607817843543,0.0,0.0,0.0,0.0,0.4150259225175539,0.0,0.0
220,0.251004016064257,0.07035175879396986,0.04,0.8,0.6666666666666666,0.22147651006711408,0,Low,0,0.41931081781389934,0.0,0.0,0.41491968378597,0.0,0.80747761211763,0.0,0.0,0.0,0.0,0.0,0.0
221,0.6867469879518072,0.5577889447236181,0.47000000000000003,0.8200000000000001,1.0,0.19463087248322145,1,Medium,1,0.0,0.0,0.0,0.0,0.0,0.0,0.7205551309717102,0.6933976515898662,0.0,0.0,0.0,0.0
222,0.06024096385542168,0.5728643216080402,0.07,0.22,0.23333333333333334,0.9530201342281879,1,Medium,0,0.49905852357119573,0.5026196820789438,0.0,0.49383225043041007,0.0,0.0,0.504424180301298,0.0,0.0,0.0,0.0,0.0
223,0.9718875502008031,0.17085427135678394,0.11,0.98,0.06666666666666667,0.6040268456375838,1,Medium,0,0.6004493913029268,0.0,0.0,0.0,0.0,0.5781504078699445,0.0,0.0,0.0,0.0,0.5524514769314687,0.0
224,0.0642570281124498,0.37185929648241206,0.9400000000000001,0.86,0.36666666666666664,0.006711409395973145,1,Medium,1,0.0,0.0,0.0,0.0,0.0,0.0,0.7205551309717102,0.6933976515898662,0.0,0.0,0.0,0.0
225,0.36746987951807225,0.9296482412060302,0.26,0.86,0.16666666666666666,0.3422818791946308,1,Low,1,0.5840376188124858,0.0,0.0,0.5779214220615196,0.5700060435944801,0.0,0.0,0.0,0.0,0.0,0.0,0.0
226,0.13052208835341364,0.7839195979899497,0.25,0.98,0.36666666666666664,0.020134228187919462,0,High,0,0.49933654177990716,0.0,0.0,0.0,0.48733992029629497,0.0,0.5047051876389437,0.0,0.0,0.5083655119097108,0.0,0.0
227,0.825301204819277,0.32160804020100503,0.96,0.12,0.9333333333333333,0.9865771812080537,1,Low,1,0.0,0.0,0.0,0.0,0.694622809889797,0.0,0.0,0.0,0.0,0.0,0.0,0.7193741390825799
228,0.9357429718875501,0.8944723618090452,0.42,0.6,0.1,0.6040268456375838,0,Low,1,0.0,0.5105019247600519,0.0,0.5015766857966296,0.4947069468550248,0.0,0.0,0.4930249991784709,0.0,0.0,0.0,0.0
229,0.38554216867469876,0.14572864321608042,0.56,0.32,0.26666666666666666,0.16778523489932887,1,Low,1,0.6004493913029268,0.0,0.0,0.0,0.0,0.5781504078699445,0.0,0.0,0.0,0.0,0.5524514769314687,0.0
230,0.4879518072289156,0.9246231155778895,0.78,0.02,0.8,0.44966442953020125,0,Low,1,0.0,0.0,0.5732032519694313,0.0,0.0,0.0,0.5773154041412984,0.0,0.0,0.5815023267991608,0.0,0.0
231,0.34136546184738953,0.40703517587939697,0.8200000000000001,1.0,0.8666666666666667,0.31543624161073824,1,Medium,1,0.5833893984928922,0.0,0.0,0.0,0.0,0.0,0.0,0.0,0.6095495565997918,0.0,0.5367552028393379,0.0
232,0.38554216867469876,0.5829145728643216,0.97,0.5,0.8666666666666667,0.6107382550335569,1,High,0,0.0,0.0,0.0,0.0,0.7083098426887053,0.0,0.0,0.7059016693210901,0.0,0.0,0.0,0.0
233,0.3433734939759036,0.3266331658291457,0.18,0.28,0.5666666666666667,0.5838926174496644,0,Low,1,0.0,0.0,0.0,0.0,0.0,0.0,0.5846013077711149,0.5625678820414515,0.0,0.0,0.0,0.5846013077711149
234,0.4558232931726907,0.6683417085427136,0.73,0.36,0.6333333333333333,0.5906040268456375,1,High,0,0.5050381112703434,0.5086419386407636,0.0,0.4997492183022048,0.0,0.48628243154219053,0.0,0.0,0.0,0.0,0.0,0.0
235,0.6726907630522088,0.2412060301507538,0.67,0.02,0.7333333333333333,0.28859060402684567,0,High,0,0.0,0.7193123257067446,0.0,0.0,0.0,0.0,0.0,0.6946868201472906,0.0,0.0,0.0,0.0
236,0.9859437751004015,0.7236180904522613,0.87,0.9,0.3,0.42281879194630867,1,High,1,0.0,0.5745751995636579,0.0,0.0,0.0,0.0,0.5766380314884503,0.0,0.0,0.5808200415683913,0.0,0.0
237,0.038152610441767064,0.5477386934673367,0.5700000000000001,0.52,0.43333333333333335,1.0,1,High,0,0.4926389534567247,0.0,0.4943888510516638,0.0,0.0,0.0,0.0,0.0,0.5147297095543477,0.0,0.0,0.4979355898055246
238,0.2771084337349397,0.27638190954773867,0.59,0.52,0.43333333333333335,0.697986577181208,0,High,1,0.0,0.0,0.0,0.0,0.0,0.0,0.0,0.7264748637603217,0.0,0.0,0.6871930386175503,0.0
239,0.2771084337349397,0.12060301507537688,0.63,0.8,0.5666666666666667,0.21476510067114093,0,Medium,0,0.0,0.0,0.0,0.7131601967950651,0.0,0.0,0.0,0.7010010939415314,0.0,0.0,0.0,0.0
240,0.8514056224899598,0.8743718592964824,0.99,0.02,0.7333333333333333,0.5570469798657718,0,High,1,0.0,0.5093886158532136,0.0,0.0,0.0,0.4869962854005994,0.0,0.4919498041669393,0.0,0.0,0.0,0.5112174158078684
241,0.22489959839357426,0.19597989949748745,0.7000000000000001,0.74,0.23333333333333334,0.40268456375838924,1,Medium,0,0.9512522464300762,0.0,0.0,0.0,0.0,0.0,0.0,0.3084139485524831,0.0,0.0,0.0,0.0
242,0.4698795180722891,0.40201005025125625,0.27,0.02,0.8333333333333334,0.42281879194630867,1,High,0,0.0,1.0,0.0,0.0,0.0,0.0,0.0,0.0,0.0,0.0,0.0,0.0
243,0.9477911646586344,0.3618090452261306,0.54,0.26,0.3333333333333333,0.832214765100671,0,Low,0,0.0,0.49988268151017023,0.49810396247931826,0.0,0.0,0.0,0.0,0.48276930347857777,0.5185976734496718,0.0,0.0,0.0
244,0.8052208835341365,0.17587939698492464,0.3,0.86,0.0,0.8993288590604027,0,Medium,0,0.5731415645743225,0.0,0.0,0.0,0.5593717683919432,0.0,0.0,0.0,0.5988421926379001,0.0,0.0,0.0
245,0.8052208835341365,0.20603015075376885,0.27,0.34,0.7333333333333333,0.08053691275167782,0,High,0,0.0,0.0,0.0,0.0,0.0,0.0,0.7071067811865476,0.0,0.0,0.0,0.0,0.7071067811865476
246,0.038152610441767064,0.6582914572864321,0.09,0.44,0.4,0.24161073825503357,1,Medium,0,0.0,0.0,0.0,0.6969791198133324,0.0,0.0,0.0,0.0,0.0,0.7170914213294094,0.0,0.0
247,0.01606425702811245,0.3165829145728643,0.74,0.86,0.9,0.12080536912751674,0,Medium,1,0.0,0.0,0.0,0.6969791198133324,0.0,0.0,0.0,0.0,0.0,0.7170914213294094,0.0,0.0
248,0.7469879518072289,0.9095477386934673,0.97,0.54,0.7333333333333333,0.261744966442953,1,Low,0,0.0,0.0,0.0,0.0,0.0,0.30066684234827157,0.0,0.0,0.0,0.9537292330175895,0.0,0.0
249,0.8273092369477911,0.7587939698492462,0.35000000000000003,0.66,0.3,0.6107382550335569,1,High,0,0.0,0.0,0.0,0.0,0.0,0.0,0.0,0.0,0.4191233021471902,0.4083890141569199,0.0,0.8108970777559714
250,0.6566265060240963,0.15577889447236182,0.19,0.06,0.16666666666666666,0.9597315436241609,1,High,1,0.518497980047046,0.0,0.0,0.0,0.0,0.49924243905629684,0.0,0.5043205204810542,0.0,0.0,0.47705098716381605,0.0
251,0.8433734939759036,0.3517587939698492,0.39,0.0,0.36666666666666664,0.01342281879194629,0,Low,1,0.0,0.0,0.0,0.7166972954391787,0.0,0.6973843894941775,0.0,0.0,0.0,0.0,0.0,0.0
252,0.48594377510040154,0.9698492462311558,0.64,0.98,0.7333333333333333,0.026845637583892606,1,Medium,0,0.5065431190383519,0.5101576857729231,0.0,0.0,0.0,0.0,0.0,0.0,0.0,0.5157023980187209,0.4660517577259574,0.0
253,0.8714859437751004,0.9296482412060302,0.24,1.0,0.6,0.24161073825503357,0,Low,0,0.0,0.0,0.0,0.0,0.5093014595075582,0.5024590922871668,0.0,0.5075698921383714,0.0,0.0,0.48012465935012066,0.0
254,0.5943775100401606,0.5326633165829145,0.01,0.68,0.6666666666666666,0.2953020134228187,1,Medium,1,0.0,0.0,0.0,0.0,0.694622809889797,0.0,0.0,0.0,0.0,0.0,0.0,0.7193741390825799
255,0.8815261044176707,0.8090452261306532,0.98,0.02,0.9,0.40268456375838924,0,Medium,1,0.0,0.0,0.5720148460023597,0.5640211015499231,0.0,0.0,0.0,0.0,0.5955495050449695,0.0,0.0,0.0
256,0.4879518072289156,0.7638190954773869,0.55,0.44,0.6333333333333333,0.19463087248322145,1,Medium,0,0.0,0.509652494060346,0.0,0.0,0.49388379762162293,0.0,0.0,0.0,0.5287332557492107,0.0,0.4655902426058266,0.0
257,0.40361445783132527,0.271356783919598,0.86,0.58,0.7333333333333333,0.3422818791946308,0,High,1,0.0,0.0,0.0,0.0,0.7118725470809116,0.7023086762332752,0.0,0.0,0.0,0.0,0.0,0.0
258,0.41365461847389556,0.7889447236180904,0.73,0.08,0.6333333333333333,0.7382550335570469,0,Medium,0,0.0,0.0,0.0,0.7119656149125836,0.7022143285223869,0.0,0.0,0.0,0.0,0.0,0.0,0.0
259,0.4196787148594377,0.10552763819095479,0.28,1.0,0.36666666666666664,0.7046979865771812,0,Low,0,0.0,0.0,0.0,0.0,0.6826132384157881,0.0,0.0,0.0,0.730779834655767,0.0,0.0,0.0
260,0.38554216867469876,0.8140703517587939,0.75,0.38,0.13333333333333333,0.7986577181208052,1,High,0,0.0,0.0,0.5066610426332526,0.0,0.492738198996906,0.486118355998005,0.0,0.0,0.0,0.5139966917100418,0.0,0.0
261,0.022088353413654616,0.06030150753768845,0.67,0.06,0.4,0.30201342281879195,0,Medium,1,0.0,0.0,0.0,0.0,0.0,0.0,0.0,0.0,0.0,0.0,0.6731526649402817,0.7395035427121339
262,0.7771084337349397,0.22613065326633167,0.0,0.86,0.7333333333333333,0.8590604026845636,1,High,0,0.0,0.0,0.0,0.0,0.5811163525337213,0.0,0.0,0.0,0.0,0.0,0.5478254295065434,0.6018231331578032
263,0.6586345381526104,0.8994974874371859,0.8,0.3,0.1,0.5838926174496644,1,High,0,0.0,0.0,0.0,0.5127520570503691,0.5057292570011357,0.0,0.0,0.5040098347165166,0.0,0.0,0.47675710074704075,0.0
264,0.34538152610441764,0.6231155778894473,0.53,0.92,0.5,0.3959731543624161,1,High,0,0.0,0.0,0.0,0.0,0.0,0.0,0.30689674687911406,0.0,0.9517428154470183,0.0,0.0,0.0
265,0.6365461847389557,0.09045226130653267,0.85,0.4,0.6,0.32885906040268453,1,Medium,1,0.0,0.0,0.0,0.0,0.7118725470809116,0.7023086762332752,0.0,0.0,0.0,0.0,0.0,0.0
266,0.3273092369477911,0.6432160804020101,0.47000000000000003,0.56,0.43333333333333335,0.14093959731543623,1,High,0,0.0,0.0,0.0,0.0,0.3989369677324478,0.0,0.0,0.39758062715499143,0.0,0.0,0.0,0.8263043874308568
267,0.40963855421686746,0.6633165829145728,0.99,0.54,0.8666666666666667,0.5503355704697986,0,Low,0,0.0,0.5093886158532136,0.0,0.0,0.0,0.4869962854005994,0.5112174158078684,0.4919498041669393,0.0,0.0,0.0,0.0
268,0.07228915662650602,0.457286432160804,0.56,0.02,0.23333333333333334,0.30201342281879195,0,Medium,0,0.5899560394844824,0.0,0.0,0.0,0.0,0.5680467493074933,0.0,0.5738246788671375,0.0,0.0,0.0,0.0
269,0.9959839357429718,0.5879396984924623,0.4,0.3,0.6666666666666666,0.03355704697986575,1,High,0,0.7168392468491498,0.0,0.0,0.0,0.0,0.0,0.0,0.697238477263514,0.0,0.0,0.0,0.0
270,0.7690763052208834,0.8341708542713567,0.5,1.0,0.06666666666666667,0.5436241610738255,0,High,1,0.0,0.0,0.0,0.0,0.39417016595750254,0.0,0.0,0.0,0.4219836248314952,0.0,0.0,0.816431075255656
271,0.4497991967871485,0.5477386934673367,0.27,0.92,0.6,0.5973154362416107,0,High,1,0.0,0.0,0.0,0.5936705980027569,0.5855395142800198,0.0,0.0,0.0,0.0,0.0,0.5519951976999145,0.0
272,0.9638554216867469,0.9849246231155779,0.05,0.3,0.6333333333333333,0.5906040268456375,1,High,1,0.0,0.6939962496915867,0.0,0.0,0.0,0.0,0.0,0.0,0.719978614553247,0.0,0.0,0.0
273,0.7851405622489959,0.8090452261306532,0.73,0.14,0.3333333333333333,0.697986577181208,1,High,0,0.0,0.0,0.0,0.0,0.0,0.0,0.0,0.0,0.0,0.7419193855122563,0.6704890941701558,0.0
274,0.142570281124498,0.135678391959799,0.84,0.16,0.06666666666666667,0.832214765100671,0,High,1,0.49768648952015676,0.0,0.0,0.49247458468362904,0.0,0.0,0.0,0.0,0.0,0.5066856235147703,0.0,0.5030373947463929
275,0.1827309236947791,0.7638190954773869,0.38,0.02,0.13333333333333333,0.42281879194630867,0,High,1,0.0,0.5046727201691469,0.0,0.49584939471753947,0.4890580984062842,0.0,0.0,0.0,0.0,0.510157818384226,0.0,0.0
276,0.49598393574297184,0.38190954773869346,0.36,0.62,0.9666666666666667,0.7986577181208052,0,Medium,1,0.0,0.0,0.0,0.5936705980027569,0.5855395142800198,0.0,0.0,0.0,0.0,0.0,0.5519951976999145,0.0
277,0.6586345381526104,0.19597989949748745,0.41000000000000003,0.8,0.9333333333333333,0.43624161073825496,1,High,1,0.7033158026658373,0.0,0.0,0.0,0.0,0.0,0.710877543407097,0.0,0.0,0.0,0.0,0.0
278,0.6204819277108433,0.8291457286432161,0.3,0.5,0.6666666666666666,0.5436241610738255,0,Medium,0,0.0,0.0,0.0,0.0,0.0,0.0,0.5695117354899435,0.0,0.5887199392817505,0.5736420628155897,0.0,0.0
279,0.6706827309236947,0.4773869346733668,0.63,0.4,0.8,0.7114093959731543,1,Low,0,0.0,0.0,0.0,0.0,0.0,0.0,0.8337210158092077,0.40114917623556495,0.0,0.0,0.37945830627829275,0.0
280,0.251004016064257,0.3517587939698492,0.51,0.46,0.8333333333333334,0.4429530201342281,1,Low,0,0.0,0.0,0.0,0.0,0.0,0.7229927881518546,0.0,0.0,0.0,0.0,0.6908555770060826,0.0
281,0.6706827309236947,0.11055276381909548,0.01,0.98,0.2,0.46308724832214765,1,Low,1,0.0,0.0,0.0,0.4966643121348651,0.4898618544796429,0.0,0.0,0.48819637956926965,0.5244275160142002,0.0,0.0,0.0
282,0.20281124497991965,0.21105527638190955,0.5,0.6,0.3333333333333333,0.4697986577181208,0,Low,1,0.0,0.5117496708958761,0.0,0.5028026172597019,0.49591608760722455,0.48925355028563633,0.0,0.0,0.0,0.0,0.0,0.0
283,0.3012048192771084,0.12060301507537688,0.84,0.52,0.7333333333333333,0.8791946308724832,1,Medium,0,0.0,0.0,0.0,0.0,0.5638775602042343,0.0,0.5839700750458539,0.0,0.0,0.0,0.0,0.5839700750458539
284,0.9919678714859437,0.035175879396984924,0.13,0.96,0.06666666666666667,0.12080536912751674,0,High,1,0.0,0.0,0.0,0.5964055854400983,0.0,0.5803341909336911,0.0,0.0,0.0,0.0,0.5545381902891735,0.0
285,0.20682730923694778,0.9597989949748743,0.56,0.1,1.0,0.3355704697986577,0,High,0,0.0,0.0,0.0,0.0,0.0,0.0,0.0,0.0,0.7162189426567237,0.6978756523763275,0.0,0.0
286,0.21285140562248994,0.2562814070351759,0.26,0.9,0.7666666666666666,0.4161073825503355,0,Medium,1,0.0,0.7193123257067446,0.0,0.0,0.0,0.0,0.0,0.6946868201472906,0.0,0.0,0.0,0.0
287,0.285140562248996,0.5829145728643216,0.75,0.68,0.36666666666666664,0.4429530201342281,1,Low,1,0.0,0.0,0.0,0.0,0.8133949128563167,0.4012335542685783,0.0,0.0,0.0,0.0,0.0,0.4211892100570348
288,0.6325301204819277,0.7688442211055276,0.13,0.76,0.3,0.32885906040268453,0,Medium,0,0.0,0.0,0.5720148460023597,0.5640211015499231,0.0,0.0,0.0,0.0,0.5955495050449695,0.0,0.0,0.0
289,0.2751004016064257,0.8291457286432161,0.21,0.56,0.16666666666666666,0.9731543624161074,0,High,0,0.0,0.577341669064506,0.5752873298124109,0.0,0.0,0.0,0.5794144331297905,0.0,0.0,0.0,0.0,0.0
290,0.1004016064257028,0.27638190954773867,0.21,0.38,0.2,0.6442953020134228,0,High,0,0.0,0.0,0.0,0.5782966669276752,0.0,0.5627132550636218,0.0,0.0,0.0,0.0,0.0,0.5907002265075276
291,0.8775100401606425,0.9195979899497487,0.89,0.44,0.36666666666666664,0.4161073825503355,0,Low,1,0.4967765938467811,0.5003214690669618,0.0,0.0,0.0,0.0,0.0,0.4831930692360299,0.5190528886721784,0.0,0.0,0.0
292,0.6124497991967871,0.3015075376884422,0.6,0.58,0.36666666666666664,0.46308724832214765,1,High,1,0.0,0.5900984192222871,0.0,0.0,0.5718407182394978,0.0,0.0,0.569896524462725,0.0,0.0,0.0,0.0
293,0.7309236947791165,0.22613065326633167,0.75,0.9400000000000001,0.36666666666666664,0.3959731543624161,1,High,0,0.5823485113790294,0.0,0.0,0.0,0.0,0.5607217431691646,0.5886096652553046,0.0,0.0,0.0,0.0,0.0
294,0.4076305220883534,0.12060301507537688,0.27,0.1,0.3,0.9731543624161074,1,Medium,0,0.0,0.5817732565707123,0.0,0.0,0.0,0.0,0.0,0.5618563719963411,0.0,0.5880963315531034,0.0,0.0
295,0.018072289156626505,0.8542713567839196,0.67,0.24,0.23333333333333334,0.7181208053691275,1,Low,0,0.0,0.5758782574642731,0.0,0.0,0.5580605296331607,0.0,0.0,0.0,0.5974384301712341,0.0,0.0,0.0
296,0.859437751004016,0.964824120603015,0.91,0.74,0.6333333333333333,0.38926174496644295,0,High,1,0.0,0.0,0.0,0.0,0.0,0.48838332796863515,0.5126734439922794,0.0,0.5299646346336445,0.0,0.46667456629326104,0.0
297,0.716867469879518,0.728643216080402,0.43,0.8200000000000001,0.7666666666666666,0.12751677852348994,1,Medium,1,0.0,0.0,0.0,0.0,0.0,0.0,0.0,0.5727188625699196,0.6152227731328449,0.0,0.5417509057448355,0.0
298,0.4598393574297188,0.3618090452261306,0.08,0.6,0.8333333333333334,0.7181208053691275,0,Low,1,0.0,0.0,0.5010695751349311,0.0,0.0,0.0,0.0,0.48564361660190875,0.0,0.5083242686222027,0.0,0.504664241310617
299,0.5160642570281124,0.3969849246231156,0.42,0.52,0.26666666666666666,0.9731543624161074,0,High,1,0.0,0.0,0.0,0.0,0.0,0.0,0.0,0.0,1.0,0.0,0.0,0.0
300,0.3473895582329317,0.7236180904522613,0.19,0.4,0.9666666666666667,0.6711409395973154,1,Medium,1,0.0,0.0,0.0,0.8992209496873117,0.0,0.43749478127567343,0.0,0.0,0.0,0.0,0.0,0.0
301,0.03614457831325301,0.4623115577889447,0.39,0.3,0.8666666666666667,0.8791946308724832,0,Low,1,0.0,0.0,0.0,0.5768335194647239,0.0,0.561289535165858,0.0,0.0,0.0,0.5934788526436598,0.0,0.0
302,0.28714859437751,0.07537688442211056,0.24,0.4,1.0,0.5100671140939597,1,High,1,0.0,0.4355673038713193,0.0,0.0,0.0,0.0,0.0,0.42065574921046883,0.0,0.0,0.79582024632102,0.0
303,0.9016064257028111,0.7135678391959799,0.21,0.98,0.43333333333333335,0.3221476510067114,0,Low,1,0.0,0.0,0.0,0.0,0.591103993916953,0.583162625369275,0.0,0.0,0.0,0.0,0.557240900103215,0.0
304,0.03012048192771084,0.6281407035175879,0.72,0.9,0.6,0.9664429530201342,1,Low,0,0.0,0.0,0.0,0.5864234460579296,0.0,0.0,0.0,0.0,0.0,0.0,0.5452567924563257,0.5990013123472949
305,0.8775100401606425,0.6733668341708543,0.81,0.38,0.6,0.9261744966442953,0,High,1,0.0,0.0,0.417765161461392,0.4119270123902759,0.0,0.0,0.0,0.8098076353877868,0.0,0.0,0.0,0.0
306,0.8875502008032128,0.7135678391959799,0.5,0.36,0.7,0.8523489932885906,0,Medium,1,0.7108189277841205,0.0,0.0,0.7033750435605696,0.0,0.0,0.0,0.0,0.0,0.0,0.0,0.0
307,0.6546184738955823,0.3417085427135678,0.0,0.22,0.8,0.3691275167785234,0,Medium,1,0.0,0.0,0.0,0.0,0.0,0.5572841153909529,0.5850010644466945,0.0,0.0,0.5892437265929585,0.0,0.0
308,0.10441767068273092,0.15075376884422112,0.62,0.1,0.5,0.2818791946308725,0,High,0,0.0,0.0,0.0,0.0,0.0,0.0,0.0,0.5782795676827478,0.0,0.6052865275123251,0.5470109333575752,0.0
309,0.06626506024096385,0.7185929648241206,0.53,0.96,0.6333333333333333,0.4161073825503355,1,High,1,0.0,0.0,1.0,0.0,0.0,0.0,0.0,0.0,0.0,0.0,0.0,0.0
310,0.012048192771084336,0.9798994974874372,0.5,0.14,0.3,0.08724832214765102,0,High,0,0.0,0.0,0.0,0.0,0.0,0.0,0.0,0.5727188625699196,0.6152227731328449,0.0,0.5417509057448355,0.0
311,0.7550200803212851,0.7889447236180904,0.59,0.9400000000000001,0.6,0.1140939597315436,0,High,0,0.4983880923142449,0.0,0.5001584113642662,0.0,0.0,0.47987937538542014,0.0,0.0,0.5207366494310153,0.0,0.0,0.0
312,0.5100401606425702,0.3165829145728643,0.81,0.9400000000000001,0.8666666666666667,0.7382550335570469,0,Medium,0,0.0,0.0,0.0,0.0,0.39050217180247854,0.3852558501790996,0.0,0.0,0.8361136189061429,0.0,0.0,0.0
313,0.8935742971887549,0.07537688442211056,0.39,0.32,0.13333333333333333,0.7919463087248322,0,Low,0,0.7058520451374484,0.0,0.7083592946911064,0.0,0.0,0.0,0.0,0.0,0.0,0.0,0.0,0.0
314,0.9257028112449799,0.035175879396984924,0.13,0.74,0.23333333333333334,0.020134228187919462,0,Medium,0,0.0,0.0,0.0,0.0,0.6920210506877847,0.0,0.0,0.0,0.0,0.7218773201901929,0.0,0.0
315,0.4056224899598393,0.0,0.35000000000000003,0.18,0.03333333333333333,0.30201342281879195,0,High,0,0.0,0.0,0.0,0.8158476703960514,0.0,0.0,0.0,0.4009688931094587,0.0,0.0,0.0,0.4166731638441709
316,0.40361445783132527,0.8291457286432161,0.22,0.84,0.13333333333333333,0.03355704697986575,1,Low,1,0.5042829761092106,0.0,0.5060742343133586,0.4990019911166378,0.0,0.0,0.0,0.4904942020373086,0.0,0.0,0.0,0.0
317,0.018072289156626505,0.6834170854271356,0.56,0.9,0.26666666666666666,0.174496644295302,0,High,1,0.0,0.0,0.0,0.0,0.0,0.7229927881518546,0.0,0.0,0.0,0.0,0.6908555770060826,0.0
318,0.17269076305220882,0.4422110552763819,0.58,0.5,0.8,0.8389261744966443,0,High,1,0.0,0.0,0.0,0.0,0.0,0.0,0.0,0.6813708864837527,0.7319383273557581,0.0,0.0,0.0
319,0.3514056224899598,0.6783919597989949,0.92,0.28,0.1,0.006711409395973145,0,Medium,0,0.0,0.0,0.0,0.5613489032956362,0.0,0.0,0.0,0.0,0.5927279326900534,0.5775474063466669,0.0,0.0
320,0.6285140562248995,0.17587939698492464,0.22,0.72,0.2,0.5369127516778524,0,Low,0,0.0,0.5861255118356147,0.0,0.0,0.0,0.0,0.0,0.0,0.6080693291257054,0.0,0.5354517488551637,0.0
321,0.4377510040160642,0.4673366834170854,0.5,0.92,0.6666666666666666,0.06711409395973153,1,Medium,1,0.0,0.0,0.0,0.0,0.0,0.0,0.7205551309717102,0.6933976515898662,0.0,0.0,0.0,0.0
322,0.825301204819277,0.6884422110552764,0.61,0.42,0.7666666666666666,0.10738255033557045,1,Medium,0,0.0,0.0,0.0,0.0,0.4215486068455598,0.0,0.4365695479811508,0.0,0.0,0.0,0.7947979629076193,0.0
323,0.28714859437751,0.37688442211055273,0.55,0.36,0.1,0.22147651006711408,0,Low,0,0.7168392468491498,0.0,0.0,0.0,0.0,0.0,0.0,0.697238477263514,0.0,0.0,0.0,0.0
324,0.9919678714859437,0.010050251256281405,0.65,0.62,0.7666666666666666,0.22818791946308722,1,High,1,0.49593512489374736,0.0,0.0,0.0,0.4840202228668081,0.0,0.0,0.0,0.5181736868413956,0.0,0.0,0.501267200221383
325,0.4156626506024096,0.01507537688442211,0.13,0.3,0.06666666666666667,0.23489932885906037,0,High,0,0.8150417243762271,0.4104288305263379,0.4089684127149785,0.0,0.0,0.0,0.0,0.0,0.0,0.0,0.0,0.0
326,0.2971887550200803,0.03015075376884422,0.99,0.7000000000000001,0.3,0.5704697986577181,1,Medium,1,0.0,0.5850848023420023,0.0,0.0,0.0,0.5593649259468458,0.0,0.0,0.0,0.0,0.0,0.5871853656971533
327,0.7008032128514056,0.1306532663316583,0.85,0.28,1.0,0.7046979865771812,0,Medium,0,0.5804856468366177,0.0,0.0,0.0,0.0,0.0,0.5867267720164632,0.5646132382576722,0.0,0.0,0.0,0.0
328,0.504016064257028,0.8040201005025126,0.75,0.46,0.43333333333333335,0.38926174496644295,0,High,1,0.518497980047046,0.0,0.0,0.0,0.0,0.49924243905629684,0.0,0.5043205204810542,0.0,0.0,0.47705098716381605,0.0
329,0.7510040160642569,0.4924623115577889,1.0,0.84,0.2,0.7449664429530201,0,Low,0,0.0,0.738301269540322,0.0,0.0,0.0,0.0,0.0,0.0,0.0,0.0,0.6744710782495782,0.0
330,0.7108433734939759,0.23115577889447236,0.56,0.02,0.6666666666666666,0.2483221476510067,0,High,1,0.0,0.0,0.0,0.0,0.5711258847138813,0.0,0.0,0.5691841212902603,0.0,0.0,0.0,0.5914766773769028
331,0.15662650602409636,0.6984924623115578,0.38,0.16,0.3,0.5167785234899328,0,Low,1,0.5786748350314492,0.0,0.5807303397676623,0.5726147987737137,0.0,0.0,0.0,0.0,0.0,0.0,0.0,0.0
332,0.09839357429718874,0.23115577889447236,0.54,0.3,0.3,0.5100671140939597,1,High,0,0.0,0.0,0.0,0.699564696443676,0.0,0.0,0.7145692657046393,0.0,0.0,0.0,0.0,0.0
333,0.5522088353413654,0.949748743718593,0.73,0.92,0.3,0.9530201342281879,0,Low,1,0.715651325797244,0.0,0.0,0.0,0.698457715172971,0.0,0.0,0.0,0.0,0.0,0.0,0.0
334,0.4518072289156626,0.20100502512562815,0.52,0.98,0.2,0.4429530201342281,1,Medium,1,0.0,0.7058386000088315,0.0,0.0,0.0,0.0,0.7083726919761749,0.0,0.0,0.0,0.0,0.0
335,0.6506024096385542,0.9195979899497487,0.36,0.36,0.6,0.28859060402684567,0,Low,1,0.0,0.0,0.0,0.0,0.0,0.0,0.5695117354899435,0.0,0.5887199392817505,0.5736420628155897,0.0,0.0
336,0.7590361445783131,0.5226130653266331,0.01,0.02,0.4,0.36241610738255026,1,Low,0,0.5823485113790294,0.0,0.0,0.0,0.0,0.5607217431691646,0.0,0.0,0.0,0.0,0.0,0.5886096652553046
337,0.8574297188755019,0.10050251256281408,0.48,0.46,0.8333333333333334,0.3422818791946308,0,Low,1,0.0,0.0,0.0,0.49539579887335217,0.4886107151415943,0.0,0.5060212644143851,0.0,0.0,0.5096911334013179,0.0,0.0
338,0.6666666666666666,0.6683417085427136,0.91,0.44,0.03333333333333333,0.6308724832214765,1,Medium,0,0.0,0.0,0.0,0.0,0.0,0.0,0.7071067811865476,0.0,0.0,0.0,0.0,0.7071067811865476
339,0.9437751004016064,0.025125628140703515,0.38,0.3,0.6666666666666666,0.8187919463087248,0,Medium,1,0.0,0.7032746389914476,0.0,0.0,0.0,0.0,0.0,0.0,0.0,0.7109182668573436,0.0,0.0
340,0.823293172690763,0.16080402010050251,0.88,0.9400000000000001,0.5,0.174496644295302,1,High,1,0.7007430051161576,0.0,0.0,0.0,0.0,0.0,0.0,0.0,0.0,0.7134137935173225,0.0,0.0
341,0.789156626506024,0.5477386934673367,0.48,0.22,0.4,0.3221476510067114,1,High,0,0.0,0.7181289936871517,0.0,0.0,0.6959100146038127,0.0,0.0,0.0,0.0,0.0,0.0,0.0
342,0.24096385542168672,0.14572864321608042,0.78,0.12,0.23333333333333334,0.4093959731543624,0,High,1,0.0,0.0,0.5772144167821882,0.5691480098099467,0.0,0.0,0.0,0.0,0.0,0.5855715669225882,0.0,0.0
343,0.3273092369477911,0.9999999999999999,0.13,0.88,0.7,0.44966442953020125,0,Low,1,0.0,0.5061271314393181,0.5043261929511074,0.0,0.0,0.0,0.0,0.0,0.5250759078934933,0.0,0.46236966690546805,0.0
344,0.7068273092369477,0.34673366834170855,0.54,0.32,0.7,0.7718120805369127,0,Medium,1,0.0,0.0,0.0,0.0,0.0,0.0,0.0,0.0,0.0,0.7419193855122563,0.6704890941701558,0.0
345,0.5682730923694779,0.24623115577889446,0.68,0.4,0.9666666666666667,0.4899328859060402,0,High,1,0.8305232819280797,0.0,0.0,0.0,0.4052849292546351,0.0,0.0,0.0,0.0,0.0,0.3820670154494848,0.0
346,0.9819277108433734,0.6030150753768844,0.3,0.78,0.23333333333333334,0.8120805369127517,1,Low,0,0.0,0.5160008998865631,0.0,0.0,0.0,0.49331789853060865,0.5178534391717879,0.0,0.0,0.0,0.47138979395353114,0.0
347,0.3112449799196787,0.6984924623115578,0.5,0.54,0.6333333333333333,0.9597315436241609,1,Low,1,0.0,0.0,0.7371026984289584,0.0,0.0,0.0,0.0,0.0,0.0,0.0,0.6757807425258197,0.0
348,0.13052208835341364,0.37185929648241206,0.45,0.44,0.7666666666666666,0.7181208053691275,0,Low,0,0.0,0.0,0.5014576627763251,0.4944499348511419,0.0,0.4811259483549455,0.0,0.0,0.5220893565168335,0.0,0.0,0.0
349,0.9196787148594376,0.3969849246231156,0.55,0.44,0.9,0.9463087248322146,1,High,1,0.0,0.0,0.5180786504171924,0.0,0.5038420554668493,0.0,0.0,0.5021290494540372,0.0,0.0,0.47497801298504944,0.0
350,0.9819277108433734,0.8994974874371859,0.28,0.16,0.3333333333333333,0.2483221476510067,1,High,1,0.7007430051161576,0.0,0.0,0.0,0.0,0.0,0.0,0.0,0.0,0.7134137935173225,0.0,0.0
351,0.6967871485943774,0.4422110552763819,0.5700000000000001,0.44,0.9666666666666667,0.825503355704698,0,Medium,0,0.0,0.0,0.7180737149625854,0.0,0.0,0.0,0.0,0.6959670537315912,0.0,0.0,0.0,0.0
352,0.285140562248996,0.24623115577889446,0.53,0.26,0.4,0.912751677852349,1,Low,0,0.0,0.0,0.49765690120302675,0.0,0.0,0.0,0.0,0.48233600545803357,0.5181322185341554,0.0,0.0,0.5012270849033031
353,0.2911646586345381,0.5175879396984925,0.99,0.84,1.0,0.8187919463087248,0,Low,0,0.0,0.0,0.7045749592001955,0.0,0.0,0.0,0.7096295701759072,0.0,0.0,0.0,0.0,0.0
354,0.6787148594377509,0.1658291457286432,0.77,0.1,0.0,0.10738255033557045,1,Medium,0,0.0,0.0,0.407236761931596,0.4015457442433847,0.0,0.0,0.0,0.0,0.0,0.0,0.0,0.820316545616078
355,0.08032128514056225,0.6633165829145728,0.62,0.5,0.7666666666666666,0.8456375838926173,1,Low,1,0.0,0.0,0.5786396320679561,0.570553308118273,0.0,0.0,0.5827907847551771,0.0,0.0,0.0,0.0,0.0
356,0.2329317269076305,0.18592964824120603,0.06,0.74,0.5333333333333333,0.37583892617449655,1,High,0,0.0,0.0,0.0,0.0,0.0,0.5838554390154562,0.0,0.5897941678326865,0.0,0.0,0.557902918008696,0.0
357,0.22088353413654616,0.8391959798994975,0.29,0.8,0.0,0.5033557046979865,0,Medium,0,0.0,0.0,0.0,0.0,0.0,0.6897461878486059,0.0,0.0,0.0,0.0,0.0,0.7240512387589124
358,0.6767068273092369,0.010050251256281405,0.79,0.08,0.4,0.5436241610738255,1,Low,0,0.0,0.0,0.0,0.0,0.0,0.0,0.0,0.0,0.0,0.7096569955821839,0.0,0.7045473359691798
359,0.6847389558232931,0.11557788944723618,0.37,0.76,0.23333333333333334,0.3825503355704698,0,High,0,0.0,0.0,0.5129399082994008,0.0,0.4988445239355709,0.0,0.5166197320804131,0.0,0.0,0.0,0.47026677943318296,0.0
360,0.022088353413654616,0.2964824120603015,0.5700000000000001,0.02,0.6666666666666666,0.5033557046979865,1,Low,1,0.0,0.0,0.0,0.0,0.0,0.4874516792936705,0.0,0.0,0.5289536647225949,0.5154064795826783,0.46578432963605326,0.0
361,0.19879518072289154,0.8291457286432161,0.1,0.84,0.3333333333333333,0.6442953020134228,1,Medium,1,0.0,0.0,1.0,0.0,0.0,0.0,0.0,0.0,0.0,0.0,0.0,0.0
362,0.536144578313253,0.507537688442211,0.53,0.36,0.9333333333333333,0.3221476510067114,0,Medium,0,0.0,0.0,0.41175865938702655,0.0,0.0,0.0,0.8294252205860748,0.0,0.0,0.0,0.37750312565002675,0.0
363,0.5622489959839357,0.26130653266331655,0.6900000000000001,0.44,0.8666666666666667,0.523489932885906,0,High,0,0.0,0.4104112621885205,0.8179018137802053,0.4032359345146161,0.0,0.0,0.0,0.0,0.0,0.0,0.0,0.0
364,0.6586345381526104,0.6381909547738693,0.06,0.84,0.8,0.40268456375838924,1,Low,1,0.0,0.0,0.0,0.0,0.0,0.0,0.0,0.0,0.7504987870033653,0.0,0.660871826231439,0.0
365,0.7831325301204819,0.27638190954773867,0.8,0.32,0.8666666666666667,0.912751677852349,0,High,0,0.0,0.0,0.5063975346846279,0.0,0.49248193214174796,0.0,0.0,0.49080754926360876,0.0,0.0,0.0,0.5100304235681554
366,0.17871485943775098,0.1306532663316583,0.17,0.72,0.13333333333333333,0.9865771812080537,1,Low,1,0.0,0.0,0.4063549733160834,0.0,0.0,0.0,0.0,0.3938449042974779,0.0,0.8244766988946356,0.0,0.0
367,0.37951807228915657,0.9346733668341708,0.52,0.8200000000000001,0.36666666666666664,0.19463087248322145,1,High,1,0.0,0.0,0.0,0.0,0.8880091897705926,0.0,0.0,0.0,0.0,0.0,0.0,0.4598257048958612
368,0.8714859437751004,0.12060301507537688,0.9400000000000001,0.48,0.6,0.2013422818791946,1,Low,1,0.0,0.0,0.0,0.0,0.0,0.0,0.0,0.6907919948367605,0.0,0.723053538729636,0.0,0.0
369,0.465863453815261,0.964824120603015,0.16,0.02,0.7,0.22818791946308722,0,High,0,0.6004493913029268,0.0,0.0,0.0,0.0,0.5781504078699445,0.0,0.0,0.0,0.0,0.5524514769314687,0.0
370,0.6626506024096385,0.728643216080402,0.3,0.42,0.06666666666666667,0.14765100671140938,1,Medium,0,0.0,0.0,0.0,0.0,0.4982578320906841,0.0,0.0,0.49656381180587233,0.5334159311006257,0.0,0.4697136979194521,0.0
371,0.7590361445783131,0.8291457286432161,0.78,0.04,0.16666666666666666,0.7046979865771812,1,Medium,1,0.0,0.0,0.7168880733434948,0.0,0.6971882746416868,0.0,0.0,0.0,0.0,0.0,0.0,0.0
372,0.34136546184738953,0.8040201005025126,0.68,0.52,0.2,0.4563758389261745,0,Medium,0,0.5079839858981091,0.0,0.509788390419825,0.0,0.0,0.0,0.5134456052553217,0.0,0.0,0.0,0.4673774465121634,0.0
373,0.6124497991967871,0.8391959798994975,0.09,0.3,0.7,0.8859060402684564,0,High,1,0.0,0.0,0.0,0.0,0.0,0.5743843443728466,0.0,0.0,0.0,0.6073246342890538,0.5488528159033552,0.0
374,0.4357429718875502,0.7889447236180904,0.41000000000000003,1.0,0.3,0.7315436241610738,1,Medium,1,0.0,0.41746456055814435,0.0,0.0,0.0,0.0,0.41896333604243735,0.806345498983027,0.0,0.0,0.0,0.0
375,0.8674698795180722,0.7889447236180904,0.46,0.72,0.8333333333333334,0.4093959731543624,0,High,1,0.0,0.0,0.4964160719654589,0.0,0.0,0.0,0.4999773539740114,0.0,0.0,0.5036033901004604,0.0,0.4999773539740114
376,0.056224899598393566,0.04020100502512563,0.73,0.72,0.13333333333333333,0.7114093959731543,0,High,1,0.49593512489374736,0.0,0.0,0.0,0.4840202228668081,0.0,0.501267200221383,0.0,0.5181736868413956,0.0,0.0,0.0
377,0.9417670682730923,0.7989949748743719,0.56,0.62,0.8,0.9798657718120805,0,High,0,0.0,0.0,0.0,0.0,0.0,0.0,0.0,0.7264748637603217,0.0,0.0,0.6871930386175503,0.0
378,0.09437751004016064,0.8743718592964824,0.55,0.84,0.6333333333333333,0.3959731543624161,0,Low,1,0.0,0.5708068178909117,0.5687757314230721,0.0,0.0,0.0,0.0,0.0,0.5921771221462384,0.0,0.0,0.0
379,0.1365461847389558,0.21608040201005027,0.11,0.5,0.5333333333333333,0.7046979865771812,0,Low,0,0.0,0.0,0.0,0.0,0.0,0.8854460448219977,0.0,0.0,0.0,0.0,0.0,0.4647421884325553
380,0.19277108433734938,0.8341708542713567,0.1,0.02,0.4666666666666667,0.9664429530201342,1,Low,0,0.0,0.0,0.0,0.49539579887335217,0.4886107151415943,0.0,0.5060212644143851,0.0,0.0,0.5096911334013179,0.0,0.0
381,0.1686746987951807,0.8994974874371859,1.0,0.42,0.26666666666666666,0.7516778523489932,1,Medium,1,0.0,0.0,0.0,0.5782966669276752,0.0,0.5627132550636218,0.0,0.0,0.0,0.0,0.0,0.5907002265075276
382,0.9337349397590361,0.7839195979899497,0.84,0.58,0.7333333333333333,0.174496644295302,1,High,0,0.0,0.0,0.0,0.0,0.0,0.6897461878486059,0.7240512387589124,0.0,0.0,0.0,0.0,0.0
383,0.7108433734939759,0.3869346733668342,0.65,0.62,0.6666666666666666,0.5906040268456375,1,High,1,0.7108189277841205,0.0,0.0,0.7033750435605696,0.0,0.0,0.0,0.0,0.0,0.0,0.0,0.0
384,0.2329317269076305,0.06030150753768845,0.78,0.32,0.8,0.22818791946308722,0,Medium,0,0.0,0.0,0.0,0.6876266160359565,0.0,0.0,0.0,0.0,0.7260644853722974,0.0,0.0,0.0
385,0.20281124497991965,0.3517587939698492,0.54,0.32,0.1,0.9731543624161074,0,High,1,0.0,0.0,0.0,0.0,0.0,0.5759103269516154,0.6045536647966125,0.0,0.0,0.0,0.550310968172967,0.0
386,0.2188755020080321,0.4623115577889447,0.45,0.26,0.2,0.12751677852348994,0,High,1,0.0,0.6011385008729284,0.0,0.0,0.0,0.0,0.0,0.5805586512496046,0.0,0.0,0.5491667827058444,0.0
387,0.4397590361445783,0.507537688442211,0.5,0.04,0.13333333333333333,0.020134228187919462,1,Medium,1,0.0,0.7228154880986929,0.0,0.0,0.0,0.691041077045821,0.0,0.0,0.0,0.0,0.0,0.0
388,0.48995983935742965,0.4924623115577889,0.48,0.4,0.5666666666666667,0.7986577181208052,0,Medium,1,0.0,0.0,0.5804013215872248,0.0,0.0,0.0,0.0,0.5625330510643041,0.0,0.5888046130594496,0.0,0.0
389,0.2469879518072289,0.5477386934673367,0.05,0.92,0.4666666666666667,0.2684563758389261,1,High,0,0.0,0.0,0.7215838414330082,0.0,0.0,0.6923270612815761,0.0,0.0,0.0,0.0,0.0,0.0
390,0.35742971887550196,0.37688442211055273,0.51,0.6,0.0,0.3959731543624161,0,Low,1,0.0,0.0,0.0,0.7323445263980201,0.0,0.0,0.0,0.0,0.0,0.0,0.6809342807164724,0.0
391,0.6566265060240963,0.09045226130653267,0.15,0.34,0.13333333333333333,0.01342281879194629,0,Low,1,0.7033158026658373,0.0,0.0,0.0,0.0,0.0,0.710877543407097,0.0,0.0,0.0,0.0,0.0
392,0.8293172690763051,0.3115577889447236,0.1,0.08,0.0,0.6040268456375838,0,Low,1,0.0,0.7228154880986929,0.0,0.0,0.0,0.691041077045821,0.0,0.0,0.0,0.0,0.0,0.0
393,0.1827309236947791,0.6582914572864321,0.39,0.16,0.23333333333333334,0.4429530201342281,0,High,1,0.0,0.0,0.0,0.0,0.486031741554669,0.0,0.5033503948756991,0.0,0.0,0.5070008936464424,0.0,0.5033503948756991
394,0.825301204819277,0.7386934673366834,0.2,0.58,0.7666666666666666,0.40268456375838924,0,Medium,1,0.0,0.0,0.0,0.0,1.0,0.0,0.0,0.0,0.0,0.0,0.0,0.0
395,0.2550200803212851,0.2964824120603015,0.65,0.28,0.8666666666666667,0.7046979865771812,1,Low,0,0.0,0.0,0.0,0.0,0.0,0.0,1.0,0.0,0.0,0.0,0.0,0.0
396,0.825301204819277,0.21608040201005027,0.64,0.24,0.6666666666666666,0.30201342281879195,0,Low,1,0.0,0.0,0.0,0.699564696443676,0.0,0.0,0.0,0.0,0.0,0.0,0.0,0.7145692657046393
397,0.7971887550200802,0.1256281407035176,0.58,0.12,0.8,0.5033557046979865,1,High,1,0.0,0.0,0.5797747013400634,0.0,0.5638427234853731,0.0,0.0,0.0,0.0,0.588168920344009,0.0,0.0
398,0.2911646586345381,0.9698492462311558,0.15,0.48,0.16666666666666666,0.026845637583892606,0,High,1,0.0,0.0,0.0,0.8153997958206558,0.40211592252934597,0.0,0.4164444234516846,0.0,0.0,0.0,0.0,0.0
399,0.6004016064257027,0.10552763819095479,0.9400000000000001,0.76,0.8666666666666667,0.2080536912751678,1,Low,1,0.0,0.0,0.5854020602459596,0.5772212332897362,0.569315444810047,0.0,0.0,0.0,0.0,0.0,0.0,0.0
400,0.8935742971887549,0.38190954773869346,0.76,0.08,0.6,0.40268456375838924,0,High,0,0.0,0.5832221883778032,0.0,0.0,0.0,0.0,0.0,0.5632556999290151,0.0,0.0,0.0,0.5853160646020931
401,0.34136546184738953,0.7336683417085427,0.07,0.06,0.8666666666666667,0.8859060402684564,1,Medium,1,0.0,0.0,0.6018106471193735,0.0,0.0,0.5774100982370753,0.0,0.0,0.0,0.0,0.5517440742478452,0.0
402,0.8915662650602408,0.5829145728643216,0.08,0.8,0.6666666666666666,0.174496644295302,0,High,1,0.0,0.0,0.0,0.5848979067568051,0.0,0.0,0.0,0.0,0.0,0.6017759490430156,0.5438383453057406,0.0
403,0.4076305220883534,0.20603015075376885,0.13,0.2,0.16666666666666666,0.4697986577181208,0,High,0,0.0,0.0,0.49901468543049826,0.49204109741749064,0.0,0.0,0.5025946098559725,0.0,0.0,0.5062396273708878,0.0,0.0
404,0.28112449799196787,0.14572864321608042,0.8300000000000001,0.34,0.43333333333333335,0.7651006711409395,1,High,0,0.0,0.0,0.5720148460023597,0.5640211015499231,0.0,0.0,0.0,0.0,0.5955495050449695,0.0,0.0,0.0
405,0.7690763052208834,0.4321608040201005,0.25,0.64,0.4666666666666667,0.10067114093959731,1,Low,0,0.0,0.0,0.5962550601919684,0.5879225656545327,0.0,0.0,0.0,0.0,0.0,0.0,0.5466506745533787,0.0
406,0.06024096385542168,0.7738693467336684,0.56,0.04,0.6666666666666666,0.28859060402684567,0,Medium,1,0.0,0.0,0.5997698191501237,0.0,0.0,0.0,0.0,0.5813052688786835,0.0,0.0,0.5498730293536038,0.0
407,0.5682730923694779,0.3517587939698492,0.49,0.66,0.0,0.43624161073825496,0,Medium,1,0.0,0.0,0.5772144167821882,0.5691480098099467,0.0,0.0,0.0,0.0,0.0,0.5855715669225882,0.0,0.0
408,0.9437751004016064,0.8894472361809045,0.56,0.42,0.3333333333333333,0.8389261744966443,0,High,0,0.0,0.0,0.5111643514819146,0.504020975348413,0.0,0.0,0.0,0.0,0.0,0.0,0.4686389369261958,0.5148314374429683
409,0.8293172690763051,0.3165829145728643,0.74,0.9400000000000001,0.9666666666666667,0.7046979865771812,0,Low,1,0.0,0.0,0.0,0.0,0.0,0.5572841153909529,0.0,0.0,0.0,0.5892437265929585,0.0,0.5850010644466945
410,0.8433734939759036,0.5879396984924623,0.26,0.54,0.8666666666666667,0.5302013422818791,1,Low,1,0.0,0.0,0.0,0.0,0.0,0.0,0.577867333610697,0.5560877090914598,0.5973573507901909,0.0,0.0,0.0
411,0.4538152610441767,0.2964824120603015,0.73,0.98,0.3,0.7114093959731543,1,Medium,0,0.0,0.0,0.0,0.0,0.0,0.0,0.0,0.6933976515898662,0.0,0.0,0.0,0.7205551309717102
412,0.6947791164658634,0.07537688442211056,0.03,0.8200000000000001,0.4,0.919463087248322,0,Medium,0,0.0,0.0,0.0,0.0,0.0,0.0,0.0,0.0,0.0,0.7419193855122563,0.6704890941701558,0.0
413,0.2771084337349397,0.9296482412060302,0.8300000000000001,0.38,0.4666666666666667,0.47651006711409394,0,High,0,0.0,0.0,0.7168880733434948,0.0,0.6971882746416868,0.0,0.0,0.0,0.0,0.0,0.0,0.0
414,0.37751004016064255,0.1306532663316583,0.93,0.4,0.1,0.25503355704697983,0,Low,0,0.581909171846092,0.0,0.5839761652357569,0.0,0.0,0.0,0.0,0.5659978393580096,0.0,0.0,0.0,0.0
415,0.899598393574297,0.3065326633165829,0.71,0.9,0.9333333333333333,0.020134228187919462,0,Low,1,0.0,0.0,0.0,0.0,0.0,0.5838554390154562,0.0,0.5897941678326865,0.0,0.0,0.557902918008696,0.0
416,0.823293172690763,0.4824120603015075,0.72,0.28,0.4,0.6308724832214765,1,Medium,1,0.0,0.7193123257067446,0.0,0.0,0.0,0.0,0.0,0.6946868201472906,0.0,0.0,0.0,0.0
417,0.5301204819277108,0.36683417085427134,0.65,0.64,0.7333333333333333,0.4093959731543624,0,High,1,0.0,0.0,0.5038621833753947,0.0,0.0,0.0,0.0,0.0,0.5245928073671992,0.0,0.4619442597861039,0.5074768836838279
418,0.7429718875502007,0.36683417085427134,0.91,0.6,0.0,0.4295302013422818,1,Medium,0,0.0,0.5817732565707123,0.0,0.0,0.0,0.0,0.0,0.5618563719963411,0.0,0.5880963315531034,0.0,0.0
419,0.285140562248996,0.35678391959798994,0.56,0.68,0.8333333333333334,0.3557046979865771,1,Low,0,0.0,0.0,0.6927128780745556,0.0,0.0,0.0,0.0,0.0,0.7212134694732661,0.0,0.0,0.0
420,0.8714859437751004,0.28643216080402006,0.89,0.88,0.16666666666666666,0.4093959731543624,1,Medium,1,0.40486170808570643,0.40775070135626246,0.0,0.0,0.0,0.0,0.0,0.0,0.0,0.0,0.0,0.8184292045555316
421,0.0642570281124498,0.9045226130653267,0.28,0.3,0.4,0.3825503355704698,1,Medium,0,0.0,0.49899212421072736,0.0,0.0,0.0,0.0,0.5007835988250573,0.4819092342202051,0.5176737747817495,0.0,0.0,0.0
422,0.7108433734939759,0.8341708542713567,0.92,0.42,0.6666666666666666,0.8993288590604027,1,Medium,0,0.0,0.5850848023420023,0.0,0.0,0.0,0.5593649259468458,0.0,0.0,0.0,0.0,0.0,0.5871853656971533
423,0.12048192771084336,0.27638190954773867,0.6,0.72,0.4666666666666667,1.0,0,Low,0,0.0,0.0,0.0,0.0,0.694622809889797,0.0,0.0,0.0,0.0,0.0,0.0,0.7193741390825799
424,0.9337349397590361,0.6582914572864321,0.9,0.02,0.8333333333333334,0.825503355704698,1,Low,1,0.8145483722921488,0.0,0.4087208604575901,0.0,0.0,0.0,0.41165301823625483,0.0,0.0,0.0,0.0,0.0
425,0.18674698795180722,0.020100502512562814,0.2,0.54,0.4,0.10067114093959731,1,High,1,0.0,0.513725045916214,0.0,0.0,0.0,0.0,0.0,0.4961377774625409,0.0,0.5193085304593296,0.4693107000325962,0.0
426,0.24297188755020077,0.4824120603015075,0.64,0.9,0.1,0.18120805369127516,1,Low,0,0.0,0.0,0.0,0.0,0.0,0.0,0.0,0.0,0.5887199392817505,0.5736420628155897,0.0,0.5695117354899435
427,0.39558232931726905,0.728643216080402,0.6900000000000001,0.66,0.16666666666666666,0.14093959731543623,1,Medium,0,0.7058520451374484,0.0,0.7083592946911064,0.0,0.0,0.0,0.0,0.0,0.0,0.0,0.0,0.0
428,0.06224899598393574,0.949748743718593,0.6900000000000001,0.12,0.5,0.5503355704697986,0,Low,0,0.0,0.0,0.0,0.0,0.0,0.0,0.6025141173179244,0.5798055638498986,0.0,0.0,0.5484544161197937,0.0
429,0.10642570281124497,0.11557788944723618,0.2,0.38,0.26666666666666666,0.30201342281879195,0,Medium,0,0.0,0.0,0.0,0.0,0.0,0.0,0.0,0.0,0.5887199392817505,0.5736420628155897,0.0,0.5695117354899435
430,0.3333333333333333,0.8592964824120602,0.87,0.9400000000000001,0.5,0.10067114093959731,0,Low,0,0.0,0.0,0.0,0.0,0.4347768197895416,0.0,0.0,0.0,0.0,0.0,0.0,0.9005382373745672
431,0.5863453815261044,0.8492462311557789,0.25,0.8,0.6666666666666666,0.8053691275167785,0,Low,0,0.0,0.0,0.4081328841342996,0.0,0.39691755504738135,0.0,0.0,0.0,0.0,0.0,0.0,0.8221216475579678
432,0.8273092369477911,0.9698492462311558,0.53,0.68,0.4666666666666667,0.9395973154362416,1,Low,0,0.0,0.0,0.0,0.0,0.0,0.6776694209454034,0.0,0.0,0.7353666812655587,0.0,0.0,0.0
433,0.022088353413654616,0.0,0.48,0.46,0.6333333333333333,0.08724832214765102,1,High,0,0.40486170808570643,0.40775070135626246,0.0,0.0,0.0,0.0,0.8184292045555316,0.0,0.0,0.0,0.0,0.0
434,0.22489959839357426,0.01507537688442211,0.12,0.52,0.9333333333333333,0.3825503355704698,0,Low,0,0.0,0.0,0.0,0.5793376870850112,0.0,0.0,0.0,0.0,0.6117222774985782,0.0,0.5386684504729623,0.0
435,0.6847389558232931,0.7788944723618091,0.39,0.8200000000000001,0.6,0.36241610738255026,0,Medium,0,0.0,0.0,0.0,0.699564696443676,0.0,0.0,0.0,0.0,0.0,0.0,0.0,0.7145692657046393
436,0.19477911646586343,0.2964824120603015,0.03,0.12,0.9666666666666667,0.040268456375838924,0,High,0,0.0,0.0,0.0,0.0,0.0,0.0,0.0,0.4335768961417512,0.0,0.0,0.0,0.9011165713336344
437,0.49196787148594373,0.35678391959798994,0.09,0.92,0.4,0.5436241610738255,0,High,0,0.8093772760244126,0.40757639629741377,0.0,0.0,0.0,0.0,0.0,0.0,0.4228355546031051,0.0,0.0,0.0
438,0.502008032128514,0.08542713567839197,0.97,0.46,0.3,0.5570469798657718,1,Low,1,0.0,0.0,0.0,0.0,0.0,0.0,0.0,0.0,0.0,0.0,0.6731526649402817,0.7395035427121339
439,0.8473895582329316,0.22110552763819097,0.42,0.9400000000000001,0.13333333333333333,0.3959731543624161,1,High,0,0.0,0.0,0.0,0.0,0.0,0.7229927881518546,0.0,0.0,0.0,0.0,0.6908555770060826,0.0
440,0.08433734939759036,0.7939698492462312,0.15,0.6,0.8,0.040268456375838924,1,High,0,0.7033158026658373,0.0,0.0,0.0,0.0,0.0,0.710877543407097,0.0,0.0,0.0,0.0,0.0
441,0.9959839357429718,0.19597989949748745,0.64,0.44,0.7333333333333333,0.34899328859060397,1,Medium,1,0.0,0.0,0.0,0.0,0.0,0.9023048349045625,0.0,0.0,0.0,0.0,0.43109857910674,0.0
442,0.08032128514056225,0.914572864321608,0.47000000000000003,0.24,0.06666666666666667,0.060402684563758385,0,High,1,0.0,0.0,0.0,0.0,0.0,0.6897461878486059,0.0,0.0,0.0,0.0,0.0,0.7240512387589124
443,0.9076305220883534,0.4924623115577889,0.49,0.02,0.1,0.6577181208053691,0,Low,1,0.0,0.0,0.0,0.40421746856546675,0.0,0.39332498438642766,0.8257746028814053,0.0,0.0,0.0,0.0,0.0
444,0.47791164658634533,0.7537688442211056,0.73,0.16,0.9333333333333333,0.8523489932885906,1,High,1,0.5808854837805252,0.0,0.0,0.0,0.0,0.5593130482565679,0.0,0.0,0.0,0.5913890164544922,0.0,0.0
445,0.642570281124498,0.4924623115577889,0.26,0.7000000000000001,0.0,0.6845637583892616,1,Low,1,0.0,0.0,0.7020065476764946,0.0,0.0,0.0,0.0,0.0,0.0,0.7121704901351428,0.0,0.0
446,0.16265060240963855,0.9798994974874372,0.78,0.16,0.36666666666666664,0.1879194630872483,0,Medium,1,0.0,0.0,0.0,0.0,0.0,0.0,0.0,0.0,0.0,0.7419193855122563,0.6704890941701558,0.0
447,0.04417670682730923,0.4924623115577889,0.53,0.7000000000000001,0.4666666666666667,0.7315436241610738,0,Low,0,0.0,0.0,0.7180737149625854,0.0,0.0,0.0,0.0,0.6959670537315912,0.0,0.0,0.0,0.0
448,0.08634538152610441,0.6934673366834171,0.1,0.32,0.7,0.7315436241610738,1,High,0,0.0,0.0,0.0,0.0,0.7276420746748922,0.0,0.0,0.0,0.0,0.0,0.6859570038732885,0.0
449,0.11044176706827308,0.6381909547738693,0.78,0.26,0.3333333333333333,0.12080536912751674,1,High,1,0.0,0.5850848023420023,0.0,0.0,0.0,0.5593649259468458,0.0,0.0,0.0,0.0,0.0,0.5871853656971533
450,0.899598393574297,0.3417085427135678,0.0,0.88,0.5,0.9664429530201342,1,High,1,0.0,0.5132934558100992,0.0,0.0,0.49741210766997973,0.0,0.0,0.0,0.0,0.5188722495624782,0.46891642325664756,0.0
451,0.9598393574297188,0.8391959798994975,0.62,0.4,0.0,0.12751677852348994,1,Low,1,0.0,0.0,0.5022577408467334,0.0,0.0,0.4818935870789247,0.5058609309067404,0.0,0.0,0.5095296370908255,0.0,0.0
452,0.0321285140562249,0.27638190954773867,0.65,0.04,0.8333333333333334,0.3691275167785234,0,Low,1,0.0,0.0,0.4115755089744257,0.8116477170656099,0.0,0.0,0.41452814596191917,0.0,0.0,0.0,0.0,0.0
453,0.7088353413654618,0.4824120603015075,0.65,0.56,0.4666666666666667,0.5033557046979865,0,Low,1,0.5731993228600578,0.0,0.5752353780876347,0.0,0.0,0.0,0.0,0.0,0.0,0.5835638748835873,0.0,0.0
454,0.4518072289156626,0.5326633165829145,0.87,0.84,0.5666666666666667,0.825503355704698,0,Medium,0,0.0,0.7083659377670374,0.7058453784019739,0.0,0.0,0.0,0.0,0.0,0.0,0.0,0.0,0.0
455,0.825301204819277,0.24623115577889446,0.98,0.9400000000000001,0.4,0.08053691275167782,0,High,0,0.0,0.0,0.5180786504171924,0.0,0.5038420554668493,0.0,0.0,0.5021290494540372,0.0,0.0,0.47497801298504944,0.0
456,0.9016064257028111,0.22613065326633167,0.89,0.72,0.0,0.3959731543624161,1,Low,0,0.5023257528238044,0.505910225473482,0.0,0.0,0.0,0.4836708023776522,0.5077265373591641,0.0,0.0,0.0,0.0,0.0
457,0.9779116465863453,0.04020100502512563,0.12,0.84,0.5333333333333333,0.23489932885906037,0,Medium,1,0.0,0.7228154880986929,0.0,0.0,0.0,0.691041077045821,0.0,0.0,0.0,0.0,0.0,0.0
458,0.006024096385542168,0.7839195979899497,0.45,0.76,0.3,0.8724832214765099,1,High,0,0.0,0.0,0.0,0.0,0.6920210506877847,0.0,0.0,0.0,0.0,0.7218773201901929,0.0,0.0
459,0.0823293172690763,0.6733668341708543,0.76,0.16,0.7333333333333333,0.5704697986577181,0,Low,0,0.0,0.517158228228365,0.0,0.5081166153666551,0.5011573036635667,0.0,0.0,0.0,0.0,0.0,0.4724470649170092,0.0
460,0.08634538152610441,0.7738693467336684,0.85,0.36,0.16666666666666666,0.7986577181208052,0,High,1,0.5094929775727923,0.0,0.0,0.5041574320639143,0.0,0.4905718567744788,0.0,0.495561744729726,0.0,0.0,0.0,0.0
461,0.9799196787148593,0.24623115577889446,0.18,0.92,0.03333333333333333,0.5570469798657718,1,Low,1,0.0,0.0,0.7045749592001955,0.0,0.0,0.0,0.0,0.0,0.0,0.0,0.0,0.7096295701759072
462,0.5301204819277108,0.6683417085427136,0.16,0.5,0.16666666666666666,0.6510067114093959,1,Medium,1,0.0,0.0,0.0,0.0,0.0,0.0,0.0,0.5560877090914598,0.5973573507901909,0.0,0.0,0.577867333610697
463,0.2831325301204819,0.5577889447236181,0.06,0.8,0.7333333333333333,0.2953020134228187,0,Low,0,0.7168392468491498,0.0,0.0,0.0,0.0,0.0,0.0,0.697238477263514,0.0,0.0,0.0,0.0
464,0.2911646586345381,0.9899497487437185,0.22,0.22,0.5333333333333333,0.10067114093959731,1,Medium,0,0.0,0.577341669064506,0.5752873298124109,0.0,0.0,0.0,0.5794144331297905,0.0,0.0,0.0,0.0,0.0
465,0.4357429718875502,0.949748743718593,0.27,0.9,0.3,0.22147651006711408,1,Low,1,0.5120893664180681,0.5157435098056959,0.0,0.0,0.4997863567628921,0.0,0.0,0.0,0.0,0.0,0.4711546566558786,0.0
466,0.2108433734939759,0.0,0.62,0.9,0.9,0.6845637583892616,0,Medium,0,0.5889482320891428,0.0,0.0,0.0,0.0,0.0,0.0,0.0,0.0,0.599597554841647,0.5418696818857753,0.0
467,0.9357429718875501,0.06030150753768845,0.42,0.36,0.23333333333333334,0.6241610738255033,0,Medium,1,0.5904731912725916,0.0,0.0,0.0,0.0,0.0,0.5968216981170894,0.0,0.0,0.0,0.543272740936811,0.0
468,0.7831325301204819,0.020100502512562814,0.04,0.98,0.36666666666666664,0.21476510067114093,0,High,1,0.0,0.0,0.0,0.8206799575056785,0.4047198440632483,0.0,0.0,0.4033438423602099,0.0,0.0,0.0,0.0
469,0.1606425702811245,0.6683417085427136,0.31,0.32,0.36666666666666664,0.6040268456375838,0,Medium,1,0.0,0.0,0.0,0.6969791198133324,0.0,0.0,0.0,0.0,0.0,0.7170914213294094,0.0,0.0
470,0.6586345381526104,0.05025125628140704,0.98,0.14,0.23333333333333334,0.6778523489932885,1,High,1,0.0,0.0,0.0,0.0,0.0,0.0,0.0,0.0,0.0,0.0,0.6731526649402817,0.7395035427121339
471,0.8795180722891566,0.3115577889447236,1.0,0.96,0.23333333333333334,0.25503355704697983,0,High,0,0.0,0.5152629223301051,0.5134294762041618,0.0,0.49932063870931565,0.0,0.0,0.0,0.0,0.0,0.4707156186015937,0.0
472,0.6927710843373494,0.3065326633165829,0.7000000000000001,0.7000000000000001,0.7666666666666666,0.16778523489932887,0,High,1,0.0,0.0,0.0,0.0,0.0,0.6871291829425854,0.0,0.0,0.0,0.7265352613250474,0.0,0.0
473,0.8353413654618473,0.6030150753768844,0.64,0.96,0.4,0.15436241610738252,1,High,0,0.0,0.5782865835298554,0.0,0.0,0.0,0.5528655515874273,0.0,0.0,0.5999369209986141,0.0,0.0,0.0
474,0.39959839357429716,0.27638190954773867,0.71,0.38,0.5333333333333333,0.18120805369127516,1,Medium,0,0.0,0.0,0.0,0.4533869627808472,0.0,0.0,0.0,0.8913137842423163,0.0,0.0,0.0,0.0
475,0.967871485943775,0.9447236180904522,0.05,0.98,0.03333333333333333,0.16107382550335567,0,High,0,0.4950902597355508,0.0,0.0,0.0,0.0,0.0,0.50041325144632,0.0,0.0,0.5040424488759149,0.0,0.50041325144632
476,0.38755020080321284,0.6683417085427136,0.02,0.0,0.3333333333333333,0.2013422818791946,1,Medium,0,0.0,0.0,0.0,0.0,0.0,0.0,0.0,0.0,0.9510910195152182,0.3089107842039556,0.0,0.0
477,0.1465863453815261,0.9396984924623115,0.8,0.38,0.43333333333333335,0.785234899328859,0,Medium,0,0.41802082933368423,0.42100372284714443,0.0,0.0,0.0,0.8049934481671411,0.0,0.0,0.0,0.0,0.0,0.0
478,0.9578313253012047,0.48743718592964824,0.31,0.16,0.4,0.3221476510067114,0,High,1,0.0,0.0,0.0,0.0,0.0,0.0,0.6025141173179244,0.5798055638498986,0.0,0.0,0.5484544161197937,0.0
479,0.2610441767068273,0.6934673366834171,0.01,0.04,0.7,0.2818791946308725,0,Medium,0,0.0,0.4459323528653428,0.0,0.0,0.0,0.0,0.8950666660467138,0.0,0.0,0.0,0.0,0.0
480,0.6907630522088353,0.7487437185929648,0.28,0.88,0.8333333333333334,0.832214765100671,1,High,0,0.0,0.4095652662912735,0.0,0.0,0.0,0.0,0.0,0.395543885895622,0.0,0.0,0.0,0.822071363677357
481,0.8614457831325301,0.7788944723618091,0.54,0.4,0.36666666666666664,0.1140939597315436,1,Medium,1,0.0,0.0,0.0,0.0,0.0,0.0,0.5945850477370618,0.0,0.0,0.0,0.5412367707529042,0.5945850477370618
482,0.4417670682730923,0.9346733668341708,0.91,0.36,0.3,0.832214765100671,0,High,1,0.0,0.0,0.0,0.0,0.0,0.7229927881518546,0.0,0.0,0.0,0.0,0.6908555770060826,0.0
483,0.2188755020080321,0.9396984924623115,0.51,0.86,0.5666666666666667,0.19463087248322145,1,Low,1,0.0,0.0,0.0,0.0,0.0,0.0,0.5150807320804629,0.49566751335478926,0.0,0.5188163039573016,0.46886586396561114,0.0
484,0.4477911646586345,0.40703517587939697,1.0,0.0,0.8666666666666667,0.040268456375838924,0,Low,0,0.0,0.0,0.0,0.0,0.0,0.7229927881518546,0.0,0.0,0.0,0.0,0.6908555770060826,0.0
485,0.4357429718875502,0.6783919597989949,0.04,0.38,0.6666666666666666,0.8859060402684564,0,Low,1,0.0,0.0,0.0,0.0,0.6920210506877847,0.0,0.0,0.0,0.0,0.7218773201901929,0.0,0.0
486,0.142570281124498,0.9999999999999999,0.24,0.26,0.9666666666666667,0.020134228187919462,1,Low,0,0.0,0.0,0.0,0.0,0.5638775602042343,0.0,0.5839700750458539,0.0,0.0,0.0,0.0,0.5839700750458539
487,0.6365461847389557,0.7437185929648241,0.23,0.7000000000000001,0.7333333333333333,0.523489932885906,1,Low,0,0.0,0.0,0.0,0.0,0.0,0.0,0.9101631234113731,0.0,0.0,0.0,0.4142500317224534,0.0
488,0.26706827309236947,0.8793969849246231,0.3,0.16,0.9666666666666667,0.4093959731543624,1,Medium,1,0.0,0.0,0.0,0.0,0.4347768197895416,0.0,0.0,0.0,0.0,0.0,0.0,0.9005382373745672
489,0.9016064257028111,0.2914572864321608,0.26,1.0,0.7333333333333333,0.8120805369127517,0,Medium,1,0.0,0.8341608413726381,0.0,0.0,0.0,0.3987458872580835,0.0,0.0,0.0,0.0,0.3810215323511993,0.0
490,0.4759036144578313,0.01507537688442211,0.31,0.2,0.8,0.4161073825503355,0,Medium,0,0.0,0.0,0.0,0.0,0.571525676633592,0.5638473390156499,0.0,0.0,0.0,0.5961833436397612,0.0,0.0
491,0.504016064257028,0.949748743718593,0.56,0.98,0.5,0.026845637583892606,0,Medium,1,0.6914342867985431,0.0,0.0,0.0,0.0,0.0,0.0,0.0,0.7224393587280455,0.0,0.0,0.0
492,0.0,0.7587939698492462,0.8,0.96,0.9333333333333333,0.7651006711409395,0,Medium,0,0.0,0.0,0.0,0.0,0.9045509397904113,0.0,0.0,0.0,0.0,0.0,0.4263655677048552,0.0
493,0.3192771084337349,0.9447236180904522,0.9400000000000001,0.3,0.6333333333333333,0.1342281879194631,1,Low,0,0.0,0.0,0.0,0.5070679779445001,0.0,0.0,0.0,0.4984226669396681,0.0,0.5217001294274579,0.47147204135494414,0.0
494,0.8855421686746987,0.7738693467336684,0.11,0.26,0.26666666666666666,0.1140939597315436,1,Low,1,0.0,0.0,0.0,0.0,0.7276420746748922,0.0,0.0,0.0,0.0,0.0,0.6859570038732885,0.0
495,0.1506024096385542,0.8040201005025126,0.4,0.6,0.5666666666666667,0.01342281879194629,0,High,1,0.0,0.7058386000088315,0.0,0.0,0.0,0.0,0.0,0.0,0.0,0.0,0.0,0.7083726919761749
496,0.39558232931726905,0.4723618090452261,0.27,0.88,0.8666666666666667,0.10738255033557045,1,High,1,0.0,0.0,0.0,0.0,0.0,0.6897461878486059,0.7240512387589124,0.0,0.0,0.0,0.0,0.0
497,0.3273092369477911,0.2663316582914573,0.41000000000000003,0.12,0.4666666666666667,0.6577181208053691,0,High,1,0.0,0.0,0.0,0.0,0.0,0.5522017795392301,0.5796659547584385,0.0,0.5992166349223754,0.0,0.0,0.0
498,0.6385542168674698,0.964824120603015,0.46,0.2,0.2,0.7114093959731543,0,High,0,0.0,0.0,0.5745062647784608,0.0,0.5587190614619391,0.0,0.0,0.0,0.5981434293623824,0.0,0.0,0.0
499,0.8353413654618473,0.7437185929648241,0.54,0.86,0.6666666666666666,0.9597315436241609,1,Medium,0,0.0,0.0,0.0,0.0,0.0,0.0,0.7045473359691798,0.0,0.0,0.7096569955821839,0.0,0.0
500,0.7369477911646586,0.6683417085427136,0.3,0.98,0.9666666666666667,0.5369127516778524,0,Low,0,0.0,0.5782865835298554,0.0,0.0,0.0,0.5528655515874273,0.0,0.0,0.5999369209986141,0.0,0.0,0.0
